-- MySQL dump 10.19  Distrib 10.3.34-MariaDB, for debian-linux-gnu (x86_64)
--
-- Host: localhost    Database: tinseau
-- ------------------------------------------------------
-- Server version	10.3.34-MariaDB-0ubuntu0.20.04.1

/*!40101 SET @OLD_CHARACTER_SET_CLIENT=@@CHARACTER_SET_CLIENT */;
/*!40101 SET @OLD_CHARACTER_SET_RESULTS=@@CHARACTER_SET_RESULTS */;
/*!40101 SET @OLD_COLLATION_CONNECTION=@@COLLATION_CONNECTION */;
/*!40101 SET NAMES utf8mb4 */;
/*!40103 SET @OLD_TIME_ZONE=@@TIME_ZONE */;
/*!40103 SET TIME_ZONE='+00:00' */;
/*!40014 SET @OLD_UNIQUE_CHECKS=@@UNIQUE_CHECKS, UNIQUE_CHECKS=0 */;
/*!40014 SET @OLD_FOREIGN_KEY_CHECKS=@@FOREIGN_KEY_CHECKS, FOREIGN_KEY_CHECKS=0 */;
/*!40101 SET @OLD_SQL_MODE=@@SQL_MODE, SQL_MODE='NO_AUTO_VALUE_ON_ZERO' */;
/*!40111 SET @OLD_SQL_NOTES=@@SQL_NOTES, SQL_NOTES=0 */;

--
-- Current Database: `tinseau`
--

CREATE DATABASE /*!32312 IF NOT EXISTS*/ `tinseau` /*!40100 DEFAULT CHARACTER SET utf8mb4 */;

USE `tinseau`;

--
-- Table structure for table `admin_permissions`
--

DROP TABLE IF EXISTS `admin_permissions`;
/*!40101 SET @saved_cs_client     = @@character_set_client */;
/*!40101 SET character_set_client = utf8 */;
CREATE TABLE `admin_permissions` (
  `id` int(10) unsigned NOT NULL AUTO_INCREMENT,
  `action` varchar(255) DEFAULT NULL,
  `subject` varchar(255) DEFAULT NULL,
  `properties` longtext CHARACTER SET utf8mb4 COLLATE utf8mb4_bin DEFAULT NULL,
  `conditions` longtext CHARACTER SET utf8mb4 COLLATE utf8mb4_bin DEFAULT NULL,
  `created_at` datetime(6) DEFAULT NULL,
  `updated_at` datetime(6) DEFAULT NULL,
  `created_by_id` int(10) unsigned DEFAULT NULL,
  `updated_by_id` int(10) unsigned DEFAULT NULL,
  PRIMARY KEY (`id`),
  KEY `admin_permissions_created_by_id_fk` (`created_by_id`),
  KEY `admin_permissions_updated_by_id_fk` (`updated_by_id`),
  CONSTRAINT `admin_permissions_created_by_id_fk` FOREIGN KEY (`created_by_id`) REFERENCES `admin_users` (`id`) ON DELETE SET NULL,
  CONSTRAINT `admin_permissions_updated_by_id_fk` FOREIGN KEY (`updated_by_id`) REFERENCES `admin_users` (`id`) ON DELETE SET NULL
) ENGINE=InnoDB AUTO_INCREMENT=71 DEFAULT CHARSET=utf8mb4;
/*!40101 SET character_set_client = @saved_cs_client */;

--
-- Dumping data for table `admin_permissions`
--

LOCK TABLES `admin_permissions` WRITE;
/*!40000 ALTER TABLE `admin_permissions` DISABLE KEYS */;
INSERT INTO `admin_permissions` VALUES (1,'plugin::upload.read',NULL,'{}','[]','2022-08-25 13:07:21.327000','2022-08-25 13:07:21.327000',NULL,NULL),(2,'plugin::upload.assets.create',NULL,'{}','[]','2022-08-25 13:07:21.339000','2022-08-25 13:07:21.339000',NULL,NULL),(3,'plugin::upload.assets.update',NULL,'{}','[]','2022-08-25 13:07:21.364000','2022-08-25 13:07:21.364000',NULL,NULL),(4,'plugin::upload.assets.download',NULL,'{}','[]','2022-08-25 13:07:21.375000','2022-08-25 13:07:21.375000',NULL,NULL),(5,'plugin::upload.assets.copy-link',NULL,'{}','[]','2022-08-25 13:07:21.387000','2022-08-25 13:07:21.387000',NULL,NULL),(6,'plugin::upload.read',NULL,'{}','[\"admin::is-creator\"]','2022-08-25 13:07:21.396000','2022-08-25 13:07:21.396000',NULL,NULL),(7,'plugin::upload.assets.create',NULL,'{}','[]','2022-08-25 13:07:21.406000','2022-08-25 13:07:21.406000',NULL,NULL),(8,'plugin::upload.assets.update',NULL,'{}','[\"admin::is-creator\"]','2022-08-25 13:07:21.415000','2022-08-25 13:07:21.415000',NULL,NULL),(9,'plugin::upload.assets.download',NULL,'{}','[]','2022-08-25 13:07:21.424000','2022-08-25 13:07:21.424000',NULL,NULL),(10,'plugin::upload.assets.copy-link',NULL,'{}','[]','2022-08-25 13:07:21.433000','2022-08-25 13:07:21.433000',NULL,NULL),(11,'plugin::content-manager.explorer.create','plugin::users-permissions.user','{\"fields\":[\"username\",\"email\",\"provider\",\"password\",\"resetPasswordToken\",\"confirmationToken\",\"confirmed\",\"blocked\",\"role\"]}','[]','2022-08-25 13:07:21.451000','2022-08-25 13:07:21.451000',NULL,NULL),(12,'plugin::content-manager.explorer.read','plugin::users-permissions.user','{\"fields\":[\"username\",\"email\",\"provider\",\"password\",\"resetPasswordToken\",\"confirmationToken\",\"confirmed\",\"blocked\",\"role\"]}','[]','2022-08-25 13:07:21.460000','2022-08-25 13:07:21.460000',NULL,NULL),(13,'plugin::content-manager.explorer.update','plugin::users-permissions.user','{\"fields\":[\"username\",\"email\",\"provider\",\"password\",\"resetPasswordToken\",\"confirmationToken\",\"confirmed\",\"blocked\",\"role\"]}','[]','2022-08-25 13:07:21.469000','2022-08-25 13:07:21.469000',NULL,NULL),(14,'plugin::content-manager.explorer.delete','plugin::users-permissions.user','{}','[]','2022-08-25 13:07:21.481000','2022-08-25 13:07:21.481000',NULL,NULL),(15,'plugin::content-manager.single-types.configure-view',NULL,'{}','[]','2022-08-25 13:07:21.491000','2022-08-25 13:07:21.491000',NULL,NULL),(16,'plugin::content-manager.collection-types.configure-view',NULL,'{}','[]','2022-08-25 13:07:21.500000','2022-08-25 13:07:21.500000',NULL,NULL),(17,'plugin::content-manager.components.configure-layout',NULL,'{}','[]','2022-08-25 13:07:21.510000','2022-08-25 13:07:21.510000',NULL,NULL),(18,'plugin::content-type-builder.read',NULL,'{}','[]','2022-08-25 13:07:21.525000','2022-08-25 13:07:21.525000',NULL,NULL),(19,'plugin::email.settings.read',NULL,'{}','[]','2022-08-25 13:07:21.537000','2022-08-25 13:07:21.537000',NULL,NULL),(20,'plugin::upload.read',NULL,'{}','[]','2022-08-25 13:07:21.546000','2022-08-25 13:07:21.546000',NULL,NULL),(21,'plugin::upload.assets.create',NULL,'{}','[]','2022-08-25 13:07:21.556000','2022-08-25 13:07:21.556000',NULL,NULL),(22,'plugin::upload.assets.update',NULL,'{}','[]','2022-08-25 13:07:21.566000','2022-08-25 13:07:21.566000',NULL,NULL),(23,'plugin::upload.assets.download',NULL,'{}','[]','2022-08-25 13:07:21.590000','2022-08-25 13:07:21.590000',NULL,NULL),(24,'plugin::upload.assets.copy-link',NULL,'{}','[]','2022-08-25 13:07:21.599000','2022-08-25 13:07:21.599000',NULL,NULL),(25,'plugin::upload.settings.read',NULL,'{}','[]','2022-08-25 13:07:21.610000','2022-08-25 13:07:21.610000',NULL,NULL),(26,'plugin::i18n.locale.create',NULL,'{}','[]','2022-08-25 13:07:21.620000','2022-08-25 13:07:21.620000',NULL,NULL),(27,'plugin::i18n.locale.read',NULL,'{}','[]','2022-08-25 13:07:21.630000','2022-08-25 13:07:21.630000',NULL,NULL),(28,'plugin::i18n.locale.update',NULL,'{}','[]','2022-08-25 13:07:21.641000','2022-08-25 13:07:21.641000',NULL,NULL),(29,'plugin::i18n.locale.delete',NULL,'{}','[]','2022-08-25 13:07:21.651000','2022-08-25 13:07:21.651000',NULL,NULL),(30,'plugin::users-permissions.roles.create',NULL,'{}','[]','2022-08-25 13:07:21.662000','2022-08-25 13:07:21.662000',NULL,NULL),(31,'plugin::users-permissions.roles.read',NULL,'{}','[]','2022-08-25 13:07:21.672000','2022-08-25 13:07:21.672000',NULL,NULL),(32,'plugin::users-permissions.roles.update',NULL,'{}','[]','2022-08-25 13:07:21.682000','2022-08-25 13:07:21.682000',NULL,NULL),(33,'plugin::users-permissions.roles.delete',NULL,'{}','[]','2022-08-25 13:07:21.694000','2022-08-25 13:07:21.694000',NULL,NULL),(34,'plugin::users-permissions.providers.read',NULL,'{}','[]','2022-08-25 13:07:21.705000','2022-08-25 13:07:21.705000',NULL,NULL),(35,'plugin::users-permissions.providers.update',NULL,'{}','[]','2022-08-25 13:07:21.715000','2022-08-25 13:07:21.715000',NULL,NULL),(36,'plugin::users-permissions.email-templates.read',NULL,'{}','[]','2022-08-25 13:07:21.725000','2022-08-25 13:07:21.725000',NULL,NULL),(37,'plugin::users-permissions.email-templates.update',NULL,'{}','[]','2022-08-25 13:07:21.736000','2022-08-25 13:07:21.736000',NULL,NULL),(38,'plugin::users-permissions.advanced-settings.read',NULL,'{}','[]','2022-08-25 13:07:21.746000','2022-08-25 13:07:21.746000',NULL,NULL),(39,'plugin::users-permissions.advanced-settings.update',NULL,'{}','[]','2022-08-25 13:07:21.755000','2022-08-25 13:07:21.755000',NULL,NULL),(40,'admin::marketplace.read',NULL,'{}','[]','2022-08-25 13:07:21.766000','2022-08-25 13:07:21.766000',NULL,NULL),(41,'admin::marketplace.plugins.install',NULL,'{}','[]','2022-08-25 13:07:21.776000','2022-08-25 13:07:21.776000',NULL,NULL),(42,'admin::marketplace.plugins.uninstall',NULL,'{}','[]','2022-08-25 13:07:21.786000','2022-08-25 13:07:21.786000',NULL,NULL),(43,'admin::webhooks.create',NULL,'{}','[]','2022-08-25 13:07:21.796000','2022-08-25 13:07:21.796000',NULL,NULL),(44,'admin::webhooks.read',NULL,'{}','[]','2022-08-25 13:07:21.806000','2022-08-25 13:07:21.806000',NULL,NULL),(45,'admin::webhooks.update',NULL,'{}','[]','2022-08-25 13:07:21.816000','2022-08-25 13:07:21.816000',NULL,NULL),(46,'admin::webhooks.delete',NULL,'{}','[]','2022-08-25 13:07:21.825000','2022-08-25 13:07:21.825000',NULL,NULL),(47,'admin::users.create',NULL,'{}','[]','2022-08-25 13:07:21.835000','2022-08-25 13:07:21.835000',NULL,NULL),(48,'admin::users.read',NULL,'{}','[]','2022-08-25 13:07:21.844000','2022-08-25 13:07:21.844000',NULL,NULL),(49,'admin::users.update',NULL,'{}','[]','2022-08-25 13:07:21.853000','2022-08-25 13:07:21.853000',NULL,NULL),(50,'admin::users.delete',NULL,'{}','[]','2022-08-25 13:07:21.866000','2022-08-25 13:07:21.866000',NULL,NULL),(51,'admin::roles.create',NULL,'{}','[]','2022-08-25 13:07:21.875000','2022-08-25 13:07:21.875000',NULL,NULL),(52,'admin::roles.read',NULL,'{}','[]','2022-08-25 13:07:21.884000','2022-08-25 13:07:21.884000',NULL,NULL),(53,'admin::roles.update',NULL,'{}','[]','2022-08-25 13:07:21.894000','2022-08-25 13:07:21.894000',NULL,NULL),(54,'admin::roles.delete',NULL,'{}','[]','2022-08-25 13:07:21.903000','2022-08-25 13:07:21.903000',NULL,NULL),(55,'admin::api-tokens.create',NULL,'{}','[]','2022-08-25 13:07:21.912000','2022-08-25 13:07:21.912000',NULL,NULL),(56,'admin::api-tokens.read',NULL,'{}','[]','2022-08-25 13:07:21.922000','2022-08-25 13:07:21.922000',NULL,NULL),(57,'admin::api-tokens.update',NULL,'{}','[]','2022-08-25 13:07:21.931000','2022-08-25 13:07:21.931000',NULL,NULL),(58,'admin::api-tokens.delete',NULL,'{}','[]','2022-08-25 13:07:21.941000','2022-08-25 13:07:21.941000',NULL,NULL),(59,'admin::project-settings.update',NULL,'{}','[]','2022-08-25 13:07:21.950000','2022-08-25 13:07:21.950000',NULL,NULL),(60,'admin::project-settings.read',NULL,'{}','[]','2022-08-25 13:07:21.959000','2022-08-25 13:07:21.959000',NULL,NULL),(66,'plugin::content-manager.explorer.create','api::post.post','{\"fields\":[\"title\",\"description\",\"online\"]}','[]','2022-08-25 13:18:44.410000','2022-08-25 13:18:44.410000',NULL,NULL),(67,'plugin::content-manager.explorer.read','api::post.post','{\"fields\":[\"title\",\"description\",\"online\"]}','[]','2022-08-25 13:18:44.421000','2022-08-25 13:18:44.421000',NULL,NULL),(68,'plugin::content-manager.explorer.update','api::post.post','{\"fields\":[\"title\",\"description\",\"online\"]}','[]','2022-08-25 13:18:44.430000','2022-08-25 13:18:44.430000',NULL,NULL),(69,'plugin::content-manager.explorer.delete','api::post.post','{}','[]','2022-08-25 13:18:44.440000','2022-08-25 13:18:44.440000',NULL,NULL),(70,'plugin::content-manager.explorer.publish','api::post.post','{}','[]','2022-08-25 13:18:44.449000','2022-08-25 13:18:44.449000',NULL,NULL);
/*!40000 ALTER TABLE `admin_permissions` ENABLE KEYS */;
UNLOCK TABLES;

--
-- Table structure for table `admin_permissions_role_links`
--

DROP TABLE IF EXISTS `admin_permissions_role_links`;
/*!40101 SET @saved_cs_client     = @@character_set_client */;
/*!40101 SET character_set_client = utf8 */;
CREATE TABLE `admin_permissions_role_links` (
  `permission_id` int(10) unsigned DEFAULT NULL,
  `role_id` int(10) unsigned DEFAULT NULL,
  KEY `admin_permissions_role_links_fk` (`permission_id`),
  KEY `admin_permissions_role_links_inv_fk` (`role_id`),
  CONSTRAINT `admin_permissions_role_links_fk` FOREIGN KEY (`permission_id`) REFERENCES `admin_permissions` (`id`) ON DELETE CASCADE,
  CONSTRAINT `admin_permissions_role_links_inv_fk` FOREIGN KEY (`role_id`) REFERENCES `admin_roles` (`id`) ON DELETE CASCADE
) ENGINE=InnoDB DEFAULT CHARSET=utf8mb4;
/*!40101 SET character_set_client = @saved_cs_client */;

--
-- Dumping data for table `admin_permissions_role_links`
--

LOCK TABLES `admin_permissions_role_links` WRITE;
/*!40000 ALTER TABLE `admin_permissions_role_links` DISABLE KEYS */;
INSERT INTO `admin_permissions_role_links` VALUES (1,2),(2,2),(3,2),(4,2),(5,2),(6,3),(7,3),(8,3),(9,3),(10,3),(11,1),(12,1),(13,1),(14,1),(15,1),(16,1),(17,1),(18,1),(19,1),(20,1),(21,1),(22,1),(23,1),(24,1),(25,1),(26,1),(27,1),(28,1),(29,1),(30,1),(31,1),(32,1),(33,1),(34,1),(35,1),(36,1),(37,1),(38,1),(39,1),(40,1),(41,1),(42,1),(43,1),(44,1),(45,1),(46,1),(47,1),(48,1),(49,1),(50,1),(51,1),(52,1),(53,1),(54,1),(55,1),(56,1),(57,1),(58,1),(59,1),(60,1),(66,1),(67,1),(68,1),(69,1),(70,1);
/*!40000 ALTER TABLE `admin_permissions_role_links` ENABLE KEYS */;
UNLOCK TABLES;

--
-- Table structure for table `admin_roles`
--

DROP TABLE IF EXISTS `admin_roles`;
/*!40101 SET @saved_cs_client     = @@character_set_client */;
/*!40101 SET character_set_client = utf8 */;
CREATE TABLE `admin_roles` (
  `id` int(10) unsigned NOT NULL AUTO_INCREMENT,
  `name` varchar(255) DEFAULT NULL,
  `code` varchar(255) DEFAULT NULL,
  `description` varchar(255) DEFAULT NULL,
  `created_at` datetime(6) DEFAULT NULL,
  `updated_at` datetime(6) DEFAULT NULL,
  `created_by_id` int(10) unsigned DEFAULT NULL,
  `updated_by_id` int(10) unsigned DEFAULT NULL,
  PRIMARY KEY (`id`),
  KEY `admin_roles_created_by_id_fk` (`created_by_id`),
  KEY `admin_roles_updated_by_id_fk` (`updated_by_id`),
  CONSTRAINT `admin_roles_created_by_id_fk` FOREIGN KEY (`created_by_id`) REFERENCES `admin_users` (`id`) ON DELETE SET NULL,
  CONSTRAINT `admin_roles_updated_by_id_fk` FOREIGN KEY (`updated_by_id`) REFERENCES `admin_users` (`id`) ON DELETE SET NULL
) ENGINE=InnoDB AUTO_INCREMENT=4 DEFAULT CHARSET=utf8mb4;
/*!40101 SET character_set_client = @saved_cs_client */;

--
-- Dumping data for table `admin_roles`
--

LOCK TABLES `admin_roles` WRITE;
/*!40000 ALTER TABLE `admin_roles` DISABLE KEYS */;
INSERT INTO `admin_roles` VALUES (1,'Super Admin','strapi-super-admin','Super Admins can access and manage all features and settings.','2022-08-25 13:07:21.293000','2022-08-25 13:07:21.293000',NULL,NULL),(2,'Editor','strapi-editor','Editors can manage and publish contents including those of other users.','2022-08-25 13:07:21.301000','2022-08-25 13:07:21.301000',NULL,NULL),(3,'Author','strapi-author','Authors can manage the content they have created.','2022-08-25 13:07:21.320000','2022-08-25 13:07:21.320000',NULL,NULL);
/*!40000 ALTER TABLE `admin_roles` ENABLE KEYS */;
UNLOCK TABLES;

--
-- Table structure for table `admin_users`
--

DROP TABLE IF EXISTS `admin_users`;
/*!40101 SET @saved_cs_client     = @@character_set_client */;
/*!40101 SET character_set_client = utf8 */;
CREATE TABLE `admin_users` (
  `id` int(10) unsigned NOT NULL AUTO_INCREMENT,
  `firstname` varchar(255) DEFAULT NULL,
  `lastname` varchar(255) DEFAULT NULL,
  `username` varchar(255) DEFAULT NULL,
  `email` varchar(255) DEFAULT NULL,
  `password` varchar(255) DEFAULT NULL,
  `reset_password_token` varchar(255) DEFAULT NULL,
  `registration_token` varchar(255) DEFAULT NULL,
  `is_active` tinyint(1) DEFAULT NULL,
  `blocked` tinyint(1) DEFAULT NULL,
  `prefered_language` varchar(255) DEFAULT NULL,
  `created_at` datetime(6) DEFAULT NULL,
  `updated_at` datetime(6) DEFAULT NULL,
  `created_by_id` int(10) unsigned DEFAULT NULL,
  `updated_by_id` int(10) unsigned DEFAULT NULL,
  PRIMARY KEY (`id`),
  KEY `admin_users_created_by_id_fk` (`created_by_id`),
  KEY `admin_users_updated_by_id_fk` (`updated_by_id`),
  CONSTRAINT `admin_users_created_by_id_fk` FOREIGN KEY (`created_by_id`) REFERENCES `admin_users` (`id`) ON DELETE SET NULL,
  CONSTRAINT `admin_users_updated_by_id_fk` FOREIGN KEY (`updated_by_id`) REFERENCES `admin_users` (`id`) ON DELETE SET NULL
) ENGINE=InnoDB AUTO_INCREMENT=2 DEFAULT CHARSET=utf8mb4;
/*!40101 SET character_set_client = @saved_cs_client */;

--
-- Dumping data for table `admin_users`
--

LOCK TABLES `admin_users` WRITE;
/*!40000 ALTER TABLE `admin_users` DISABLE KEYS */;
INSERT INTO `admin_users` VALUES (1,'Arthur','Tinseau',NULL,'arthurtweak@gmail.com','$2a$10$wNIuMTclgodxbue59hNk7OxI3YJqrl5vlDe8SXkNXr.sDTLcZKyau',NULL,NULL,1,0,NULL,'2022-08-25 13:07:53.927000','2022-08-25 13:07:53.927000',NULL,NULL);
/*!40000 ALTER TABLE `admin_users` ENABLE KEYS */;
UNLOCK TABLES;

--
-- Table structure for table `admin_users_roles_links`
--

DROP TABLE IF EXISTS `admin_users_roles_links`;
/*!40101 SET @saved_cs_client     = @@character_set_client */;
/*!40101 SET character_set_client = utf8 */;
CREATE TABLE `admin_users_roles_links` (
  `user_id` int(10) unsigned DEFAULT NULL,
  `role_id` int(10) unsigned DEFAULT NULL,
  KEY `admin_users_roles_links_fk` (`user_id`),
  KEY `admin_users_roles_links_inv_fk` (`role_id`),
  CONSTRAINT `admin_users_roles_links_fk` FOREIGN KEY (`user_id`) REFERENCES `admin_users` (`id`) ON DELETE CASCADE,
  CONSTRAINT `admin_users_roles_links_inv_fk` FOREIGN KEY (`role_id`) REFERENCES `admin_roles` (`id`) ON DELETE CASCADE
) ENGINE=InnoDB DEFAULT CHARSET=utf8mb4;
/*!40101 SET character_set_client = @saved_cs_client */;

--
-- Dumping data for table `admin_users_roles_links`
--

LOCK TABLES `admin_users_roles_links` WRITE;
/*!40000 ALTER TABLE `admin_users_roles_links` DISABLE KEYS */;
INSERT INTO `admin_users_roles_links` VALUES (1,1);
/*!40000 ALTER TABLE `admin_users_roles_links` ENABLE KEYS */;
UNLOCK TABLES;

--
-- Table structure for table `files`
--

DROP TABLE IF EXISTS `files`;
/*!40101 SET @saved_cs_client     = @@character_set_client */;
/*!40101 SET character_set_client = utf8 */;
CREATE TABLE `files` (
  `id` int(10) unsigned NOT NULL AUTO_INCREMENT,
  `name` varchar(255) DEFAULT NULL,
  `alternative_text` varchar(255) DEFAULT NULL,
  `caption` varchar(255) DEFAULT NULL,
  `width` int(11) DEFAULT NULL,
  `height` int(11) DEFAULT NULL,
  `formats` longtext CHARACTER SET utf8mb4 COLLATE utf8mb4_bin DEFAULT NULL,
  `hash` varchar(255) DEFAULT NULL,
  `ext` varchar(255) DEFAULT NULL,
  `mime` varchar(255) DEFAULT NULL,
  `size` decimal(10,2) DEFAULT NULL,
  `url` varchar(255) DEFAULT NULL,
  `preview_url` varchar(255) DEFAULT NULL,
  `provider` varchar(255) DEFAULT NULL,
  `provider_metadata` longtext CHARACTER SET utf8mb4 COLLATE utf8mb4_bin DEFAULT NULL,
  `folder_path` varchar(255) DEFAULT NULL,
  `created_at` datetime(6) DEFAULT NULL,
  `updated_at` datetime(6) DEFAULT NULL,
  `created_by_id` int(10) unsigned DEFAULT NULL,
  `updated_by_id` int(10) unsigned DEFAULT NULL,
  PRIMARY KEY (`id`),
  KEY `upload_files_folder_path_index` (`folder_path`),
  KEY `files_created_by_id_fk` (`created_by_id`),
  KEY `files_updated_by_id_fk` (`updated_by_id`),
  CONSTRAINT `files_created_by_id_fk` FOREIGN KEY (`created_by_id`) REFERENCES `admin_users` (`id`) ON DELETE SET NULL,
  CONSTRAINT `files_updated_by_id_fk` FOREIGN KEY (`updated_by_id`) REFERENCES `admin_users` (`id`) ON DELETE SET NULL
) ENGINE=InnoDB AUTO_INCREMENT=2 DEFAULT CHARSET=utf8mb4;
/*!40101 SET character_set_client = @saved_cs_client */;

--
-- Dumping data for table `files`
--

LOCK TABLES `files` WRITE;
/*!40000 ALTER TABLE `files` DISABLE KEYS */;
/*!40000 ALTER TABLE `files` ENABLE KEYS */;
UNLOCK TABLES;

--
-- Table structure for table `files_folder_links`
--

DROP TABLE IF EXISTS `files_folder_links`;
/*!40101 SET @saved_cs_client     = @@character_set_client */;
/*!40101 SET character_set_client = utf8 */;
CREATE TABLE `files_folder_links` (
  `file_id` int(10) unsigned DEFAULT NULL,
  `folder_id` int(10) unsigned DEFAULT NULL,
  KEY `files_folder_links_fk` (`file_id`),
  KEY `files_folder_links_inv_fk` (`folder_id`),
  CONSTRAINT `files_folder_links_fk` FOREIGN KEY (`file_id`) REFERENCES `files` (`id`) ON DELETE CASCADE,
  CONSTRAINT `files_folder_links_inv_fk` FOREIGN KEY (`folder_id`) REFERENCES `upload_folders` (`id`) ON DELETE CASCADE
) ENGINE=InnoDB DEFAULT CHARSET=utf8mb4;
/*!40101 SET character_set_client = @saved_cs_client */;

--
-- Dumping data for table `files_folder_links`
--

LOCK TABLES `files_folder_links` WRITE;
/*!40000 ALTER TABLE `files_folder_links` DISABLE KEYS */;
/*!40000 ALTER TABLE `files_folder_links` ENABLE KEYS */;
UNLOCK TABLES;

--
-- Table structure for table `files_related_morphs`
--

DROP TABLE IF EXISTS `files_related_morphs`;
/*!40101 SET @saved_cs_client     = @@character_set_client */;
/*!40101 SET character_set_client = utf8 */;
CREATE TABLE `files_related_morphs` (
  `file_id` int(10) unsigned DEFAULT NULL,
  `related_id` int(10) unsigned DEFAULT NULL,
  `related_type` varchar(255) DEFAULT NULL,
  `field` varchar(255) DEFAULT NULL,
  `order` int(10) unsigned DEFAULT NULL,
  KEY `files_related_morphs_fk` (`file_id`),
  CONSTRAINT `files_related_morphs_fk` FOREIGN KEY (`file_id`) REFERENCES `files` (`id`) ON DELETE CASCADE
) ENGINE=InnoDB DEFAULT CHARSET=utf8mb4;
/*!40101 SET character_set_client = @saved_cs_client */;

--
-- Dumping data for table `files_related_morphs`
--

LOCK TABLES `files_related_morphs` WRITE;
/*!40000 ALTER TABLE `files_related_morphs` DISABLE KEYS */;
/*!40000 ALTER TABLE `files_related_morphs` ENABLE KEYS */;
UNLOCK TABLES;

--
-- Table structure for table `i18n_locale`
--

DROP TABLE IF EXISTS `i18n_locale`;
/*!40101 SET @saved_cs_client     = @@character_set_client */;
/*!40101 SET character_set_client = utf8 */;
CREATE TABLE `i18n_locale` (
  `id` int(10) unsigned NOT NULL AUTO_INCREMENT,
  `name` varchar(255) DEFAULT NULL,
  `code` varchar(255) DEFAULT NULL,
  `created_at` datetime(6) DEFAULT NULL,
  `updated_at` datetime(6) DEFAULT NULL,
  `created_by_id` int(10) unsigned DEFAULT NULL,
  `updated_by_id` int(10) unsigned DEFAULT NULL,
  PRIMARY KEY (`id`),
  KEY `i18n_locale_created_by_id_fk` (`created_by_id`),
  KEY `i18n_locale_updated_by_id_fk` (`updated_by_id`),
  CONSTRAINT `i18n_locale_created_by_id_fk` FOREIGN KEY (`created_by_id`) REFERENCES `admin_users` (`id`) ON DELETE SET NULL,
  CONSTRAINT `i18n_locale_updated_by_id_fk` FOREIGN KEY (`updated_by_id`) REFERENCES `admin_users` (`id`) ON DELETE SET NULL
) ENGINE=InnoDB AUTO_INCREMENT=3 DEFAULT CHARSET=utf8mb4;
/*!40101 SET character_set_client = @saved_cs_client */;

--
-- Dumping data for table `i18n_locale`
--

LOCK TABLES `i18n_locale` WRITE;
/*!40000 ALTER TABLE `i18n_locale` DISABLE KEYS */;
INSERT INTO `i18n_locale` VALUES (2,'French (fr)','fr','2022-08-25 13:29:18.632000','2022-08-25 13:29:18.632000',1,1);
/*!40000 ALTER TABLE `i18n_locale` ENABLE KEYS */;
UNLOCK TABLES;

--
-- Table structure for table `posts`
--

DROP TABLE IF EXISTS `posts`;
/*!40101 SET @saved_cs_client     = @@character_set_client */;
/*!40101 SET character_set_client = utf8 */;
CREATE TABLE `posts` (
  `id` int(10) unsigned NOT NULL AUTO_INCREMENT,
  `title` varchar(255) DEFAULT NULL,
  `description` longtext DEFAULT NULL,
  `online` tinyint(1) DEFAULT NULL,
  `created_at` datetime(6) DEFAULT NULL,
  `updated_at` datetime(6) DEFAULT NULL,
  `published_at` datetime(6) DEFAULT NULL,
  `created_by_id` int(10) unsigned DEFAULT NULL,
  `updated_by_id` int(10) unsigned DEFAULT NULL,
  PRIMARY KEY (`id`),
  KEY `posts_created_by_id_fk` (`created_by_id`),
  KEY `posts_updated_by_id_fk` (`updated_by_id`),
  CONSTRAINT `posts_created_by_id_fk` FOREIGN KEY (`created_by_id`) REFERENCES `admin_users` (`id`) ON DELETE SET NULL,
  CONSTRAINT `posts_updated_by_id_fk` FOREIGN KEY (`updated_by_id`) REFERENCES `admin_users` (`id`) ON DELETE SET NULL
) ENGINE=InnoDB AUTO_INCREMENT=3 DEFAULT CHARSET=utf8mb4;
/*!40101 SET character_set_client = @saved_cs_client */;

--
-- Dumping data for table `posts`
--

LOCK TABLES `posts` WRITE;
/*!40000 ALTER TABLE `posts` DISABLE KEYS */;
INSERT INTO `posts` VALUES (1,'Les prix de la PS5 augmentés par Sony à cause de l’inflation','L’inflation touche tous les secteurs, y compris celui des jeux vidéo. Le groupe japonais Sony a annoncé, dans un communiqué publié jeudi 25 août, une hausse des prix de vente de ses consoles PlayStation 5 (PS5) sur la plupart de ses marchés à l’exception des Etats-Unis, justifiant cette décision comme un moyen de s’adapter à l’inflation élevée, ainsi qu’à des effets de change défavorables. Il est rare qu’une console voit son prix augmenter après son lancement (la PS5 a été mise sur le marché en novembre 2020), les tarifs ayant plutôt tendance à baisser au fil du temps.',1,'2022-08-25 13:24:21.885000','2022-08-25 13:25:13.072000','2022-08-25 13:25:13.071000',1,1),(2,'Apple : les trois polémiques auxquelles l’iPhone 14 sera confronté si le smartphone est vraiment celui que l’on attend','Nous aurons donc le droit, en toute logique, à deux modèles \"standards\" et deux modèles \"Pro\". Et c’est précisément sur la version Pro Max que les plus gros changements auront lieu, et le moins que l’on puisse dire, c’est qu’ils risquent de faire couler beaucoup d’encre au moment de la sortie de l’iPhone. Les amoureux de la marque et les détracteurs vont donc certainement se retrouver à argumenter pour leur cause, surtout si toutes les fuites s’avèrent bien réelles. On peut même déjà vous donner les 3 points qui vont le plus faire parler : l’écran, le processeur et le prix.',1,'2022-08-25 13:24:56.868000','2022-08-25 13:25:08.264000','2022-08-25 13:25:08.263000',1,1);
/*!40000 ALTER TABLE `posts` ENABLE KEYS */;
UNLOCK TABLES;

--
-- Table structure for table `strapi_api_tokens`
--

DROP TABLE IF EXISTS `strapi_api_tokens`;
/*!40101 SET @saved_cs_client     = @@character_set_client */;
/*!40101 SET character_set_client = utf8 */;
CREATE TABLE `strapi_api_tokens` (
  `id` int(10) unsigned NOT NULL AUTO_INCREMENT,
  `name` varchar(255) DEFAULT NULL,
  `description` varchar(255) DEFAULT NULL,
  `type` varchar(255) DEFAULT NULL,
  `access_key` varchar(255) DEFAULT NULL,
  `created_at` datetime(6) DEFAULT NULL,
  `updated_at` datetime(6) DEFAULT NULL,
  `created_by_id` int(10) unsigned DEFAULT NULL,
  `updated_by_id` int(10) unsigned DEFAULT NULL,
  PRIMARY KEY (`id`),
  KEY `strapi_api_tokens_created_by_id_fk` (`created_by_id`),
  KEY `strapi_api_tokens_updated_by_id_fk` (`updated_by_id`),
  CONSTRAINT `strapi_api_tokens_created_by_id_fk` FOREIGN KEY (`created_by_id`) REFERENCES `admin_users` (`id`) ON DELETE SET NULL,
  CONSTRAINT `strapi_api_tokens_updated_by_id_fk` FOREIGN KEY (`updated_by_id`) REFERENCES `admin_users` (`id`) ON DELETE SET NULL
) ENGINE=InnoDB DEFAULT CHARSET=utf8mb4;
/*!40101 SET character_set_client = @saved_cs_client */;

--
-- Dumping data for table `strapi_api_tokens`
--

LOCK TABLES `strapi_api_tokens` WRITE;
/*!40000 ALTER TABLE `strapi_api_tokens` DISABLE KEYS */;
/*!40000 ALTER TABLE `strapi_api_tokens` ENABLE KEYS */;
UNLOCK TABLES;

--
-- Table structure for table `strapi_core_store_settings`
--

DROP TABLE IF EXISTS `strapi_core_store_settings`;
/*!40101 SET @saved_cs_client     = @@character_set_client */;
/*!40101 SET character_set_client = utf8 */;
CREATE TABLE `strapi_core_store_settings` (
  `id` int(10) unsigned NOT NULL AUTO_INCREMENT,
  `key` varchar(255) DEFAULT NULL,
  `value` longtext DEFAULT NULL,
  `type` varchar(255) DEFAULT NULL,
  `environment` varchar(255) DEFAULT NULL,
  `tag` varchar(255) DEFAULT NULL,
  PRIMARY KEY (`id`)
) ENGINE=InnoDB AUTO_INCREMENT=21 DEFAULT CHARSET=utf8mb4;
/*!40101 SET character_set_client = @saved_cs_client */;

--
-- Dumping data for table `strapi_core_store_settings`
--

LOCK TABLES `strapi_core_store_settings` WRITE;
/*!40000 ALTER TABLE `strapi_core_store_settings` DISABLE KEYS */;
INSERT INTO `strapi_core_store_settings` VALUES (1,'strapi_content_types_schema','{\"admin::permission\":{\"collectionName\":\"admin_permissions\",\"info\":{\"name\":\"Permission\",\"description\":\"\",\"singularName\":\"permission\",\"pluralName\":\"permissions\",\"displayName\":\"Permission\"},\"options\":{},\"pluginOptions\":{\"content-manager\":{\"visible\":false},\"content-type-builder\":{\"visible\":false}},\"attributes\":{\"action\":{\"type\":\"string\",\"minLength\":1,\"configurable\":false,\"required\":true},\"subject\":{\"type\":\"string\",\"minLength\":1,\"configurable\":false,\"required\":false},\"properties\":{\"type\":\"json\",\"configurable\":false,\"required\":false,\"default\":{}},\"conditions\":{\"type\":\"json\",\"configurable\":false,\"required\":false,\"default\":[]},\"role\":{\"configurable\":false,\"type\":\"relation\",\"relation\":\"manyToOne\",\"inversedBy\":\"permissions\",\"target\":\"admin::role\"},\"createdAt\":{\"type\":\"datetime\"},\"updatedAt\":{\"type\":\"datetime\"},\"createdBy\":{\"type\":\"relation\",\"relation\":\"oneToOne\",\"target\":\"admin::user\",\"configurable\":false,\"writable\":false,\"visible\":false,\"useJoinTable\":false,\"private\":true},\"updatedBy\":{\"type\":\"relation\",\"relation\":\"oneToOne\",\"target\":\"admin::user\",\"configurable\":false,\"writable\":false,\"visible\":false,\"useJoinTable\":false,\"private\":true}},\"kind\":\"collectionType\",\"__schema__\":{\"collectionName\":\"admin_permissions\",\"info\":{\"name\":\"Permission\",\"description\":\"\",\"singularName\":\"permission\",\"pluralName\":\"permissions\",\"displayName\":\"Permission\"},\"options\":{},\"pluginOptions\":{\"content-manager\":{\"visible\":false},\"content-type-builder\":{\"visible\":false}},\"attributes\":{\"action\":{\"type\":\"string\",\"minLength\":1,\"configurable\":false,\"required\":true},\"subject\":{\"type\":\"string\",\"minLength\":1,\"configurable\":false,\"required\":false},\"properties\":{\"type\":\"json\",\"configurable\":false,\"required\":false,\"default\":{}},\"conditions\":{\"type\":\"json\",\"configurable\":false,\"required\":false,\"default\":[]},\"role\":{\"configurable\":false,\"type\":\"relation\",\"relation\":\"manyToOne\",\"inversedBy\":\"permissions\",\"target\":\"admin::role\"}},\"kind\":\"collectionType\"},\"modelType\":\"contentType\",\"modelName\":\"permission\",\"connection\":\"default\",\"uid\":\"admin::permission\",\"plugin\":\"admin\",\"globalId\":\"AdminPermission\"},\"admin::user\":{\"collectionName\":\"admin_users\",\"info\":{\"name\":\"User\",\"description\":\"\",\"singularName\":\"user\",\"pluralName\":\"users\",\"displayName\":\"User\"},\"pluginOptions\":{\"content-manager\":{\"visible\":false},\"content-type-builder\":{\"visible\":false}},\"attributes\":{\"firstname\":{\"type\":\"string\",\"unique\":false,\"minLength\":1,\"configurable\":false,\"required\":false},\"lastname\":{\"type\":\"string\",\"unique\":false,\"minLength\":1,\"configurable\":false,\"required\":false},\"username\":{\"type\":\"string\",\"unique\":false,\"configurable\":false,\"required\":false},\"email\":{\"type\":\"email\",\"minLength\":6,\"configurable\":false,\"required\":true,\"unique\":true,\"private\":true},\"password\":{\"type\":\"password\",\"minLength\":6,\"configurable\":false,\"required\":false,\"private\":true},\"resetPasswordToken\":{\"type\":\"string\",\"configurable\":false,\"private\":true},\"registrationToken\":{\"type\":\"string\",\"configurable\":false,\"private\":true},\"isActive\":{\"type\":\"boolean\",\"default\":false,\"configurable\":false,\"private\":true},\"roles\":{\"configurable\":false,\"private\":true,\"type\":\"relation\",\"relation\":\"manyToMany\",\"inversedBy\":\"users\",\"target\":\"admin::role\",\"collectionName\":\"strapi_users_roles\"},\"blocked\":{\"type\":\"boolean\",\"default\":false,\"configurable\":false,\"private\":true},\"preferedLanguage\":{\"type\":\"string\",\"configurable\":false,\"required\":false},\"createdAt\":{\"type\":\"datetime\"},\"updatedAt\":{\"type\":\"datetime\"},\"createdBy\":{\"type\":\"relation\",\"relation\":\"oneToOne\",\"target\":\"admin::user\",\"configurable\":false,\"writable\":false,\"visible\":false,\"useJoinTable\":false,\"private\":true},\"updatedBy\":{\"type\":\"relation\",\"relation\":\"oneToOne\",\"target\":\"admin::user\",\"configurable\":false,\"writable\":false,\"visible\":false,\"useJoinTable\":false,\"private\":true}},\"kind\":\"collectionType\",\"__schema__\":{\"collectionName\":\"admin_users\",\"info\":{\"name\":\"User\",\"description\":\"\",\"singularName\":\"user\",\"pluralName\":\"users\",\"displayName\":\"User\"},\"pluginOptions\":{\"content-manager\":{\"visible\":false},\"content-type-builder\":{\"visible\":false}},\"attributes\":{\"firstname\":{\"type\":\"string\",\"unique\":false,\"minLength\":1,\"configurable\":false,\"required\":false},\"lastname\":{\"type\":\"string\",\"unique\":false,\"minLength\":1,\"configurable\":false,\"required\":false},\"username\":{\"type\":\"string\",\"unique\":false,\"configurable\":false,\"required\":false},\"email\":{\"type\":\"email\",\"minLength\":6,\"configurable\":false,\"required\":true,\"unique\":true,\"private\":true},\"password\":{\"type\":\"password\",\"minLength\":6,\"configurable\":false,\"required\":false,\"private\":true},\"resetPasswordToken\":{\"type\":\"string\",\"configurable\":false,\"private\":true},\"registrationToken\":{\"type\":\"string\",\"configurable\":false,\"private\":true},\"isActive\":{\"type\":\"boolean\",\"default\":false,\"configurable\":false,\"private\":true},\"roles\":{\"configurable\":false,\"private\":true,\"type\":\"relation\",\"relation\":\"manyToMany\",\"inversedBy\":\"users\",\"target\":\"admin::role\",\"collectionName\":\"strapi_users_roles\"},\"blocked\":{\"type\":\"boolean\",\"default\":false,\"configurable\":false,\"private\":true},\"preferedLanguage\":{\"type\":\"string\",\"configurable\":false,\"required\":false}},\"kind\":\"collectionType\"},\"modelType\":\"contentType\",\"modelName\":\"user\",\"connection\":\"default\",\"uid\":\"admin::user\",\"plugin\":\"admin\",\"globalId\":\"AdminUser\"},\"admin::role\":{\"collectionName\":\"admin_roles\",\"info\":{\"name\":\"Role\",\"description\":\"\",\"singularName\":\"role\",\"pluralName\":\"roles\",\"displayName\":\"Role\"},\"options\":{},\"pluginOptions\":{\"content-manager\":{\"visible\":false},\"content-type-builder\":{\"visible\":false}},\"attributes\":{\"name\":{\"type\":\"string\",\"minLength\":1,\"unique\":true,\"configurable\":false,\"required\":true},\"code\":{\"type\":\"string\",\"minLength\":1,\"unique\":true,\"configurable\":false,\"required\":true},\"description\":{\"type\":\"string\",\"configurable\":false},\"users\":{\"configurable\":false,\"type\":\"relation\",\"relation\":\"manyToMany\",\"mappedBy\":\"roles\",\"target\":\"admin::user\"},\"permissions\":{\"configurable\":false,\"type\":\"relation\",\"relation\":\"oneToMany\",\"mappedBy\":\"role\",\"target\":\"admin::permission\"},\"createdAt\":{\"type\":\"datetime\"},\"updatedAt\":{\"type\":\"datetime\"},\"createdBy\":{\"type\":\"relation\",\"relation\":\"oneToOne\",\"target\":\"admin::user\",\"configurable\":false,\"writable\":false,\"visible\":false,\"useJoinTable\":false,\"private\":true},\"updatedBy\":{\"type\":\"relation\",\"relation\":\"oneToOne\",\"target\":\"admin::user\",\"configurable\":false,\"writable\":false,\"visible\":false,\"useJoinTable\":false,\"private\":true}},\"kind\":\"collectionType\",\"__schema__\":{\"collectionName\":\"admin_roles\",\"info\":{\"name\":\"Role\",\"description\":\"\",\"singularName\":\"role\",\"pluralName\":\"roles\",\"displayName\":\"Role\"},\"options\":{},\"pluginOptions\":{\"content-manager\":{\"visible\":false},\"content-type-builder\":{\"visible\":false}},\"attributes\":{\"name\":{\"type\":\"string\",\"minLength\":1,\"unique\":true,\"configurable\":false,\"required\":true},\"code\":{\"type\":\"string\",\"minLength\":1,\"unique\":true,\"configurable\":false,\"required\":true},\"description\":{\"type\":\"string\",\"configurable\":false},\"users\":{\"configurable\":false,\"type\":\"relation\",\"relation\":\"manyToMany\",\"mappedBy\":\"roles\",\"target\":\"admin::user\"},\"permissions\":{\"configurable\":false,\"type\":\"relation\",\"relation\":\"oneToMany\",\"mappedBy\":\"role\",\"target\":\"admin::permission\"}},\"kind\":\"collectionType\"},\"modelType\":\"contentType\",\"modelName\":\"role\",\"connection\":\"default\",\"uid\":\"admin::role\",\"plugin\":\"admin\",\"globalId\":\"AdminRole\"},\"admin::api-token\":{\"collectionName\":\"strapi_api_tokens\",\"info\":{\"name\":\"Api Token\",\"singularName\":\"api-token\",\"pluralName\":\"api-tokens\",\"displayName\":\"Api Token\",\"description\":\"\"},\"options\":{},\"pluginOptions\":{\"content-manager\":{\"visible\":false},\"content-type-builder\":{\"visible\":false}},\"attributes\":{\"name\":{\"type\":\"string\",\"minLength\":1,\"configurable\":false,\"required\":true},\"description\":{\"type\":\"string\",\"minLength\":1,\"configurable\":false,\"required\":false,\"default\":\"\"},\"type\":{\"type\":\"enumeration\",\"enum\":[\"read-only\",\"full-access\"],\"configurable\":false,\"required\":false,\"default\":\"read-only\"},\"accessKey\":{\"type\":\"string\",\"minLength\":1,\"configurable\":false,\"required\":true},\"createdAt\":{\"type\":\"datetime\"},\"updatedAt\":{\"type\":\"datetime\"},\"createdBy\":{\"type\":\"relation\",\"relation\":\"oneToOne\",\"target\":\"admin::user\",\"configurable\":false,\"writable\":false,\"visible\":false,\"useJoinTable\":false,\"private\":true},\"updatedBy\":{\"type\":\"relation\",\"relation\":\"oneToOne\",\"target\":\"admin::user\",\"configurable\":false,\"writable\":false,\"visible\":false,\"useJoinTable\":false,\"private\":true}},\"kind\":\"collectionType\",\"__schema__\":{\"collectionName\":\"strapi_api_tokens\",\"info\":{\"name\":\"Api Token\",\"singularName\":\"api-token\",\"pluralName\":\"api-tokens\",\"displayName\":\"Api Token\",\"description\":\"\"},\"options\":{},\"pluginOptions\":{\"content-manager\":{\"visible\":false},\"content-type-builder\":{\"visible\":false}},\"attributes\":{\"name\":{\"type\":\"string\",\"minLength\":1,\"configurable\":false,\"required\":true},\"description\":{\"type\":\"string\",\"minLength\":1,\"configurable\":false,\"required\":false,\"default\":\"\"},\"type\":{\"type\":\"enumeration\",\"enum\":[\"read-only\",\"full-access\"],\"configurable\":false,\"required\":false,\"default\":\"read-only\"},\"accessKey\":{\"type\":\"string\",\"minLength\":1,\"configurable\":false,\"required\":true}},\"kind\":\"collectionType\"},\"modelType\":\"contentType\",\"modelName\":\"api-token\",\"connection\":\"default\",\"uid\":\"admin::api-token\",\"plugin\":\"admin\",\"globalId\":\"AdminApiToken\"},\"api::post.post\":{\"kind\":\"collectionType\",\"collectionName\":\"posts\",\"info\":{\"singularName\":\"post\",\"pluralName\":\"posts\",\"displayName\":\"Post\"},\"options\":{\"draftAndPublish\":true},\"pluginOptions\":{},\"attributes\":{\"title\":{\"type\":\"string\",\"required\":true},\"description\":{\"type\":\"text\",\"required\":true},\"online\":{\"type\":\"boolean\",\"default\":false,\"required\":true},\"createdAt\":{\"type\":\"datetime\"},\"updatedAt\":{\"type\":\"datetime\"},\"publishedAt\":{\"type\":\"datetime\",\"configurable\":false,\"writable\":true,\"visible\":false},\"createdBy\":{\"type\":\"relation\",\"relation\":\"oneToOne\",\"target\":\"admin::user\",\"configurable\":false,\"writable\":false,\"visible\":false,\"useJoinTable\":false,\"private\":true},\"updatedBy\":{\"type\":\"relation\",\"relation\":\"oneToOne\",\"target\":\"admin::user\",\"configurable\":false,\"writable\":false,\"visible\":false,\"useJoinTable\":false,\"private\":true}},\"__schema__\":{\"collectionName\":\"posts\",\"info\":{\"singularName\":\"post\",\"pluralName\":\"posts\",\"displayName\":\"Post\"},\"options\":{\"draftAndPublish\":true},\"pluginOptions\":{},\"attributes\":{\"title\":{\"type\":\"string\",\"required\":true},\"description\":{\"type\":\"text\",\"required\":true},\"online\":{\"type\":\"boolean\",\"default\":false,\"required\":true}},\"kind\":\"collectionType\"},\"modelType\":\"contentType\",\"modelName\":\"post\",\"connection\":\"default\",\"uid\":\"api::post.post\",\"apiName\":\"post\",\"globalId\":\"Post\",\"actions\":{},\"lifecycles\":{}},\"plugin::upload.file\":{\"collectionName\":\"files\",\"info\":{\"singularName\":\"file\",\"pluralName\":\"files\",\"displayName\":\"File\",\"description\":\"\"},\"options\":{},\"pluginOptions\":{\"content-manager\":{\"visible\":false},\"content-type-builder\":{\"visible\":false}},\"attributes\":{\"name\":{\"type\":\"string\",\"configurable\":false,\"required\":true},\"alternativeText\":{\"type\":\"string\",\"configurable\":false},\"caption\":{\"type\":\"string\",\"configurable\":false},\"width\":{\"type\":\"integer\",\"configurable\":false},\"height\":{\"type\":\"integer\",\"configurable\":false},\"formats\":{\"type\":\"json\",\"configurable\":false},\"hash\":{\"type\":\"string\",\"configurable\":false,\"required\":true},\"ext\":{\"type\":\"string\",\"configurable\":false},\"mime\":{\"type\":\"string\",\"configurable\":false,\"required\":true},\"size\":{\"type\":\"decimal\",\"configurable\":false,\"required\":true},\"url\":{\"type\":\"string\",\"configurable\":false,\"required\":true},\"previewUrl\":{\"type\":\"string\",\"configurable\":false},\"provider\":{\"type\":\"string\",\"configurable\":false,\"required\":true},\"provider_metadata\":{\"type\":\"json\",\"configurable\":false},\"related\":{\"type\":\"relation\",\"relation\":\"morphToMany\",\"configurable\":false},\"folder\":{\"type\":\"relation\",\"relation\":\"manyToOne\",\"target\":\"plugin::upload.folder\",\"inversedBy\":\"files\",\"private\":true},\"folderPath\":{\"type\":\"string\",\"min\":1,\"required\":true,\"private\":true},\"createdAt\":{\"type\":\"datetime\"},\"updatedAt\":{\"type\":\"datetime\"},\"createdBy\":{\"type\":\"relation\",\"relation\":\"oneToOne\",\"target\":\"admin::user\",\"configurable\":false,\"writable\":false,\"visible\":false,\"useJoinTable\":false,\"private\":true},\"updatedBy\":{\"type\":\"relation\",\"relation\":\"oneToOne\",\"target\":\"admin::user\",\"configurable\":false,\"writable\":false,\"visible\":false,\"useJoinTable\":false,\"private\":true}},\"indexes\":[{\"name\":\"upload_files_folder_path_index\",\"columns\":[\"folder_path\"],\"type\":null}],\"kind\":\"collectionType\",\"__schema__\":{\"collectionName\":\"files\",\"info\":{\"singularName\":\"file\",\"pluralName\":\"files\",\"displayName\":\"File\",\"description\":\"\"},\"options\":{},\"pluginOptions\":{\"content-manager\":{\"visible\":false},\"content-type-builder\":{\"visible\":false}},\"attributes\":{\"name\":{\"type\":\"string\",\"configurable\":false,\"required\":true},\"alternativeText\":{\"type\":\"string\",\"configurable\":false},\"caption\":{\"type\":\"string\",\"configurable\":false},\"width\":{\"type\":\"integer\",\"configurable\":false},\"height\":{\"type\":\"integer\",\"configurable\":false},\"formats\":{\"type\":\"json\",\"configurable\":false},\"hash\":{\"type\":\"string\",\"configurable\":false,\"required\":true},\"ext\":{\"type\":\"string\",\"configurable\":false},\"mime\":{\"type\":\"string\",\"configurable\":false,\"required\":true},\"size\":{\"type\":\"decimal\",\"configurable\":false,\"required\":true},\"url\":{\"type\":\"string\",\"configurable\":false,\"required\":true},\"previewUrl\":{\"type\":\"string\",\"configurable\":false},\"provider\":{\"type\":\"string\",\"configurable\":false,\"required\":true},\"provider_metadata\":{\"type\":\"json\",\"configurable\":false},\"related\":{\"type\":\"relation\",\"relation\":\"morphToMany\",\"configurable\":false},\"folder\":{\"type\":\"relation\",\"relation\":\"manyToOne\",\"target\":\"plugin::upload.folder\",\"inversedBy\":\"files\",\"private\":true},\"folderPath\":{\"type\":\"string\",\"min\":1,\"required\":true,\"private\":true}},\"kind\":\"collectionType\"},\"modelType\":\"contentType\",\"modelName\":\"file\",\"connection\":\"default\",\"uid\":\"plugin::upload.file\",\"plugin\":\"upload\",\"globalId\":\"UploadFile\"},\"plugin::upload.folder\":{\"collectionName\":\"upload_folders\",\"info\":{\"singularName\":\"folder\",\"pluralName\":\"folders\",\"displayName\":\"Folder\"},\"options\":{},\"pluginOptions\":{\"content-manager\":{\"visible\":false},\"content-type-builder\":{\"visible\":false}},\"attributes\":{\"name\":{\"type\":\"string\",\"min\":1,\"required\":true},\"pathId\":{\"type\":\"integer\",\"unique\":true,\"required\":true},\"parent\":{\"type\":\"relation\",\"relation\":\"manyToOne\",\"target\":\"plugin::upload.folder\",\"inversedBy\":\"children\"},\"children\":{\"type\":\"relation\",\"relation\":\"oneToMany\",\"target\":\"plugin::upload.folder\",\"mappedBy\":\"parent\"},\"files\":{\"type\":\"relation\",\"relation\":\"oneToMany\",\"target\":\"plugin::upload.file\",\"mappedBy\":\"folder\"},\"path\":{\"type\":\"string\",\"min\":1,\"required\":true},\"createdAt\":{\"type\":\"datetime\"},\"updatedAt\":{\"type\":\"datetime\"},\"createdBy\":{\"type\":\"relation\",\"relation\":\"oneToOne\",\"target\":\"admin::user\",\"configurable\":false,\"writable\":false,\"visible\":false,\"useJoinTable\":false,\"private\":true},\"updatedBy\":{\"type\":\"relation\",\"relation\":\"oneToOne\",\"target\":\"admin::user\",\"configurable\":false,\"writable\":false,\"visible\":false,\"useJoinTable\":false,\"private\":true}},\"indexes\":[{\"name\":\"upload_folders_path_id_index\",\"columns\":[\"path_id\"],\"type\":\"unique\"},{\"name\":\"upload_folders_path_index\",\"columns\":[\"path\"],\"type\":\"unique\"}],\"kind\":\"collectionType\",\"__schema__\":{\"collectionName\":\"upload_folders\",\"info\":{\"singularName\":\"folder\",\"pluralName\":\"folders\",\"displayName\":\"Folder\"},\"options\":{},\"pluginOptions\":{\"content-manager\":{\"visible\":false},\"content-type-builder\":{\"visible\":false}},\"attributes\":{\"name\":{\"type\":\"string\",\"min\":1,\"required\":true},\"pathId\":{\"type\":\"integer\",\"unique\":true,\"required\":true},\"parent\":{\"type\":\"relation\",\"relation\":\"manyToOne\",\"target\":\"plugin::upload.folder\",\"inversedBy\":\"children\"},\"children\":{\"type\":\"relation\",\"relation\":\"oneToMany\",\"target\":\"plugin::upload.folder\",\"mappedBy\":\"parent\"},\"files\":{\"type\":\"relation\",\"relation\":\"oneToMany\",\"target\":\"plugin::upload.file\",\"mappedBy\":\"folder\"},\"path\":{\"type\":\"string\",\"min\":1,\"required\":true}},\"kind\":\"collectionType\"},\"modelType\":\"contentType\",\"modelName\":\"folder\",\"connection\":\"default\",\"uid\":\"plugin::upload.folder\",\"plugin\":\"upload\",\"globalId\":\"UploadFolder\"},\"plugin::i18n.locale\":{\"info\":{\"singularName\":\"locale\",\"pluralName\":\"locales\",\"collectionName\":\"locales\",\"displayName\":\"Locale\",\"description\":\"\"},\"options\":{\"draftAndPublish\":false},\"pluginOptions\":{\"content-manager\":{\"visible\":false},\"content-type-builder\":{\"visible\":false}},\"attributes\":{\"name\":{\"type\":\"string\",\"min\":1,\"max\":50,\"configurable\":false},\"code\":{\"type\":\"string\",\"unique\":true,\"configurable\":false},\"createdAt\":{\"type\":\"datetime\"},\"updatedAt\":{\"type\":\"datetime\"},\"createdBy\":{\"type\":\"relation\",\"relation\":\"oneToOne\",\"target\":\"admin::user\",\"configurable\":false,\"writable\":false,\"visible\":false,\"useJoinTable\":false,\"private\":true},\"updatedBy\":{\"type\":\"relation\",\"relation\":\"oneToOne\",\"target\":\"admin::user\",\"configurable\":false,\"writable\":false,\"visible\":false,\"useJoinTable\":false,\"private\":true}},\"kind\":\"collectionType\",\"__schema__\":{\"info\":{\"singularName\":\"locale\",\"pluralName\":\"locales\",\"collectionName\":\"locales\",\"displayName\":\"Locale\",\"description\":\"\"},\"options\":{\"draftAndPublish\":false},\"pluginOptions\":{\"content-manager\":{\"visible\":false},\"content-type-builder\":{\"visible\":false}},\"attributes\":{\"name\":{\"type\":\"string\",\"min\":1,\"max\":50,\"configurable\":false},\"code\":{\"type\":\"string\",\"unique\":true,\"configurable\":false}},\"kind\":\"collectionType\"},\"modelType\":\"contentType\",\"modelName\":\"locale\",\"connection\":\"default\",\"uid\":\"plugin::i18n.locale\",\"plugin\":\"i18n\",\"collectionName\":\"i18n_locale\",\"globalId\":\"I18NLocale\"},\"plugin::users-permissions.permission\":{\"collectionName\":\"up_permissions\",\"info\":{\"name\":\"permission\",\"description\":\"\",\"singularName\":\"permission\",\"pluralName\":\"permissions\",\"displayName\":\"Permission\"},\"pluginOptions\":{\"content-manager\":{\"visible\":false},\"content-type-builder\":{\"visible\":false}},\"attributes\":{\"action\":{\"type\":\"string\",\"required\":true,\"configurable\":false},\"role\":{\"type\":\"relation\",\"relation\":\"manyToOne\",\"target\":\"plugin::users-permissions.role\",\"inversedBy\":\"permissions\",\"configurable\":false},\"createdAt\":{\"type\":\"datetime\"},\"updatedAt\":{\"type\":\"datetime\"},\"createdBy\":{\"type\":\"relation\",\"relation\":\"oneToOne\",\"target\":\"admin::user\",\"configurable\":false,\"writable\":false,\"visible\":false,\"useJoinTable\":false,\"private\":true},\"updatedBy\":{\"type\":\"relation\",\"relation\":\"oneToOne\",\"target\":\"admin::user\",\"configurable\":false,\"writable\":false,\"visible\":false,\"useJoinTable\":false,\"private\":true}},\"kind\":\"collectionType\",\"__schema__\":{\"collectionName\":\"up_permissions\",\"info\":{\"name\":\"permission\",\"description\":\"\",\"singularName\":\"permission\",\"pluralName\":\"permissions\",\"displayName\":\"Permission\"},\"pluginOptions\":{\"content-manager\":{\"visible\":false},\"content-type-builder\":{\"visible\":false}},\"attributes\":{\"action\":{\"type\":\"string\",\"required\":true,\"configurable\":false},\"role\":{\"type\":\"relation\",\"relation\":\"manyToOne\",\"target\":\"plugin::users-permissions.role\",\"inversedBy\":\"permissions\",\"configurable\":false}},\"kind\":\"collectionType\"},\"modelType\":\"contentType\",\"modelName\":\"permission\",\"connection\":\"default\",\"uid\":\"plugin::users-permissions.permission\",\"plugin\":\"users-permissions\",\"globalId\":\"UsersPermissionsPermission\"},\"plugin::users-permissions.role\":{\"collectionName\":\"up_roles\",\"info\":{\"name\":\"role\",\"description\":\"\",\"singularName\":\"role\",\"pluralName\":\"roles\",\"displayName\":\"Role\"},\"pluginOptions\":{\"content-manager\":{\"visible\":false},\"content-type-builder\":{\"visible\":false}},\"attributes\":{\"name\":{\"type\":\"string\",\"minLength\":3,\"required\":true,\"configurable\":false},\"description\":{\"type\":\"string\",\"configurable\":false},\"type\":{\"type\":\"string\",\"unique\":true,\"configurable\":false},\"permissions\":{\"type\":\"relation\",\"relation\":\"oneToMany\",\"target\":\"plugin::users-permissions.permission\",\"mappedBy\":\"role\",\"configurable\":false},\"users\":{\"type\":\"relation\",\"relation\":\"oneToMany\",\"target\":\"plugin::users-permissions.user\",\"mappedBy\":\"role\",\"configurable\":false},\"createdAt\":{\"type\":\"datetime\"},\"updatedAt\":{\"type\":\"datetime\"},\"createdBy\":{\"type\":\"relation\",\"relation\":\"oneToOne\",\"target\":\"admin::user\",\"configurable\":false,\"writable\":false,\"visible\":false,\"useJoinTable\":false,\"private\":true},\"updatedBy\":{\"type\":\"relation\",\"relation\":\"oneToOne\",\"target\":\"admin::user\",\"configurable\":false,\"writable\":false,\"visible\":false,\"useJoinTable\":false,\"private\":true}},\"kind\":\"collectionType\",\"__schema__\":{\"collectionName\":\"up_roles\",\"info\":{\"name\":\"role\",\"description\":\"\",\"singularName\":\"role\",\"pluralName\":\"roles\",\"displayName\":\"Role\"},\"pluginOptions\":{\"content-manager\":{\"visible\":false},\"content-type-builder\":{\"visible\":false}},\"attributes\":{\"name\":{\"type\":\"string\",\"minLength\":3,\"required\":true,\"configurable\":false},\"description\":{\"type\":\"string\",\"configurable\":false},\"type\":{\"type\":\"string\",\"unique\":true,\"configurable\":false},\"permissions\":{\"type\":\"relation\",\"relation\":\"oneToMany\",\"target\":\"plugin::users-permissions.permission\",\"mappedBy\":\"role\",\"configurable\":false},\"users\":{\"type\":\"relation\",\"relation\":\"oneToMany\",\"target\":\"plugin::users-permissions.user\",\"mappedBy\":\"role\",\"configurable\":false}},\"kind\":\"collectionType\"},\"modelType\":\"contentType\",\"modelName\":\"role\",\"connection\":\"default\",\"uid\":\"plugin::users-permissions.role\",\"plugin\":\"users-permissions\",\"globalId\":\"UsersPermissionsRole\"},\"plugin::users-permissions.user\":{\"collectionName\":\"up_users\",\"info\":{\"name\":\"user\",\"description\":\"\",\"singularName\":\"user\",\"pluralName\":\"users\",\"displayName\":\"User\"},\"options\":{\"draftAndPublish\":false,\"timestamps\":true},\"attributes\":{\"username\":{\"type\":\"string\",\"minLength\":3,\"unique\":true,\"configurable\":false,\"required\":true},\"email\":{\"type\":\"email\",\"minLength\":6,\"configurable\":false,\"required\":true},\"provider\":{\"type\":\"string\",\"configurable\":false},\"password\":{\"type\":\"password\",\"minLength\":6,\"configurable\":false,\"private\":true},\"resetPasswordToken\":{\"type\":\"string\",\"configurable\":false,\"private\":true},\"confirmationToken\":{\"type\":\"string\",\"configurable\":false,\"private\":true},\"confirmed\":{\"type\":\"boolean\",\"default\":false,\"configurable\":false},\"blocked\":{\"type\":\"boolean\",\"default\":false,\"configurable\":false},\"role\":{\"type\":\"relation\",\"relation\":\"manyToOne\",\"target\":\"plugin::users-permissions.role\",\"inversedBy\":\"users\",\"configurable\":false},\"createdAt\":{\"type\":\"datetime\"},\"updatedAt\":{\"type\":\"datetime\"},\"createdBy\":{\"type\":\"relation\",\"relation\":\"oneToOne\",\"target\":\"admin::user\",\"configurable\":false,\"writable\":false,\"visible\":false,\"useJoinTable\":false,\"private\":true},\"updatedBy\":{\"type\":\"relation\",\"relation\":\"oneToOne\",\"target\":\"admin::user\",\"configurable\":false,\"writable\":false,\"visible\":false,\"useJoinTable\":false,\"private\":true}},\"config\":{\"attributes\":{\"resetPasswordToken\":{\"hidden\":true},\"confirmationToken\":{\"hidden\":true},\"provider\":{\"hidden\":true}}},\"kind\":\"collectionType\",\"__schema__\":{\"collectionName\":\"up_users\",\"info\":{\"name\":\"user\",\"description\":\"\",\"singularName\":\"user\",\"pluralName\":\"users\",\"displayName\":\"User\"},\"options\":{\"draftAndPublish\":false,\"timestamps\":true},\"attributes\":{\"username\":{\"type\":\"string\",\"minLength\":3,\"unique\":true,\"configurable\":false,\"required\":true},\"email\":{\"type\":\"email\",\"minLength\":6,\"configurable\":false,\"required\":true},\"provider\":{\"type\":\"string\",\"configurable\":false},\"password\":{\"type\":\"password\",\"minLength\":6,\"configurable\":false,\"private\":true},\"resetPasswordToken\":{\"type\":\"string\",\"configurable\":false,\"private\":true},\"confirmationToken\":{\"type\":\"string\",\"configurable\":false,\"private\":true},\"confirmed\":{\"type\":\"boolean\",\"default\":false,\"configurable\":false},\"blocked\":{\"type\":\"boolean\",\"default\":false,\"configurable\":false},\"role\":{\"type\":\"relation\",\"relation\":\"manyToOne\",\"target\":\"plugin::users-permissions.role\",\"inversedBy\":\"users\",\"configurable\":false}},\"kind\":\"collectionType\"},\"modelType\":\"contentType\",\"modelName\":\"user\",\"connection\":\"default\",\"uid\":\"plugin::users-permissions.user\",\"plugin\":\"users-permissions\",\"globalId\":\"UsersPermissionsUser\"}}','object',NULL,NULL),(2,'plugin_content_manager_configuration_content_types::admin::permission','{\"uid\":\"admin::permission\",\"settings\":{\"bulkable\":true,\"filterable\":true,\"searchable\":true,\"pageSize\":10,\"mainField\":\"action\",\"defaultSortBy\":\"action\",\"defaultSortOrder\":\"ASC\"},\"metadatas\":{\"id\":{\"edit\":{},\"list\":{\"label\":\"id\",\"searchable\":true,\"sortable\":true}},\"action\":{\"edit\":{\"label\":\"action\",\"description\":\"\",\"placeholder\":\"\",\"visible\":true,\"editable\":true},\"list\":{\"label\":\"action\",\"searchable\":true,\"sortable\":true}},\"subject\":{\"edit\":{\"label\":\"subject\",\"description\":\"\",\"placeholder\":\"\",\"visible\":true,\"editable\":true},\"list\":{\"label\":\"subject\",\"searchable\":true,\"sortable\":true}},\"properties\":{\"edit\":{\"label\":\"properties\",\"description\":\"\",\"placeholder\":\"\",\"visible\":true,\"editable\":true},\"list\":{\"label\":\"properties\",\"searchable\":false,\"sortable\":false}},\"conditions\":{\"edit\":{\"label\":\"conditions\",\"description\":\"\",\"placeholder\":\"\",\"visible\":true,\"editable\":true},\"list\":{\"label\":\"conditions\",\"searchable\":false,\"sortable\":false}},\"role\":{\"edit\":{\"label\":\"role\",\"description\":\"\",\"placeholder\":\"\",\"visible\":true,\"editable\":true,\"mainField\":\"name\"},\"list\":{\"label\":\"role\",\"searchable\":true,\"sortable\":true}},\"createdAt\":{\"edit\":{\"label\":\"createdAt\",\"description\":\"\",\"placeholder\":\"\",\"visible\":false,\"editable\":true},\"list\":{\"label\":\"createdAt\",\"searchable\":true,\"sortable\":true}},\"updatedAt\":{\"edit\":{\"label\":\"updatedAt\",\"description\":\"\",\"placeholder\":\"\",\"visible\":false,\"editable\":true},\"list\":{\"label\":\"updatedAt\",\"searchable\":true,\"sortable\":true}}},\"layouts\":{\"list\":[\"id\",\"action\",\"subject\",\"role\"],\"editRelations\":[\"role\"],\"edit\":[[{\"name\":\"action\",\"size\":6},{\"name\":\"subject\",\"size\":6}],[{\"name\":\"properties\",\"size\":12}],[{\"name\":\"conditions\",\"size\":12}]]}}','object',NULL,NULL),(3,'plugin_content_manager_configuration_content_types::plugin::upload.folder','{\"uid\":\"plugin::upload.folder\",\"settings\":{\"bulkable\":true,\"filterable\":true,\"searchable\":true,\"pageSize\":10,\"mainField\":\"name\",\"defaultSortBy\":\"name\",\"defaultSortOrder\":\"ASC\"},\"metadatas\":{\"id\":{\"edit\":{},\"list\":{\"label\":\"id\",\"searchable\":true,\"sortable\":true}},\"name\":{\"edit\":{\"label\":\"name\",\"description\":\"\",\"placeholder\":\"\",\"visible\":true,\"editable\":true},\"list\":{\"label\":\"name\",\"searchable\":true,\"sortable\":true}},\"pathId\":{\"edit\":{\"label\":\"pathId\",\"description\":\"\",\"placeholder\":\"\",\"visible\":true,\"editable\":true},\"list\":{\"label\":\"pathId\",\"searchable\":true,\"sortable\":true}},\"parent\":{\"edit\":{\"label\":\"parent\",\"description\":\"\",\"placeholder\":\"\",\"visible\":true,\"editable\":true,\"mainField\":\"name\"},\"list\":{\"label\":\"parent\",\"searchable\":true,\"sortable\":true}},\"children\":{\"edit\":{\"label\":\"children\",\"description\":\"\",\"placeholder\":\"\",\"visible\":true,\"editable\":true,\"mainField\":\"name\"},\"list\":{\"label\":\"children\",\"searchable\":false,\"sortable\":false}},\"files\":{\"edit\":{\"label\":\"files\",\"description\":\"\",\"placeholder\":\"\",\"visible\":true,\"editable\":true,\"mainField\":\"name\"},\"list\":{\"label\":\"files\",\"searchable\":false,\"sortable\":false}},\"path\":{\"edit\":{\"label\":\"path\",\"description\":\"\",\"placeholder\":\"\",\"visible\":true,\"editable\":true},\"list\":{\"label\":\"path\",\"searchable\":true,\"sortable\":true}},\"createdAt\":{\"edit\":{\"label\":\"createdAt\",\"description\":\"\",\"placeholder\":\"\",\"visible\":false,\"editable\":true},\"list\":{\"label\":\"createdAt\",\"searchable\":true,\"sortable\":true}},\"updatedAt\":{\"edit\":{\"label\":\"updatedAt\",\"description\":\"\",\"placeholder\":\"\",\"visible\":false,\"editable\":true},\"list\":{\"label\":\"updatedAt\",\"searchable\":true,\"sortable\":true}}},\"layouts\":{\"list\":[\"id\",\"name\",\"pathId\",\"parent\"],\"editRelations\":[\"parent\",\"children\",\"files\"],\"edit\":[[{\"name\":\"name\",\"size\":6},{\"name\":\"pathId\",\"size\":4}],[{\"name\":\"path\",\"size\":6}]]}}','object',NULL,NULL),(4,'plugin_content_manager_configuration_content_types::admin::user','{\"uid\":\"admin::user\",\"settings\":{\"bulkable\":true,\"filterable\":true,\"searchable\":true,\"pageSize\":10,\"mainField\":\"firstname\",\"defaultSortBy\":\"firstname\",\"defaultSortOrder\":\"ASC\"},\"metadatas\":{\"id\":{\"edit\":{},\"list\":{\"label\":\"id\",\"searchable\":true,\"sortable\":true}},\"firstname\":{\"edit\":{\"label\":\"firstname\",\"description\":\"\",\"placeholder\":\"\",\"visible\":true,\"editable\":true},\"list\":{\"label\":\"firstname\",\"searchable\":true,\"sortable\":true}},\"lastname\":{\"edit\":{\"label\":\"lastname\",\"description\":\"\",\"placeholder\":\"\",\"visible\":true,\"editable\":true},\"list\":{\"label\":\"lastname\",\"searchable\":true,\"sortable\":true}},\"username\":{\"edit\":{\"label\":\"username\",\"description\":\"\",\"placeholder\":\"\",\"visible\":true,\"editable\":true},\"list\":{\"label\":\"username\",\"searchable\":true,\"sortable\":true}},\"email\":{\"edit\":{\"label\":\"email\",\"description\":\"\",\"placeholder\":\"\",\"visible\":true,\"editable\":true},\"list\":{\"label\":\"email\",\"searchable\":true,\"sortable\":true}},\"password\":{\"edit\":{\"label\":\"password\",\"description\":\"\",\"placeholder\":\"\",\"visible\":true,\"editable\":true},\"list\":{\"label\":\"password\",\"searchable\":true,\"sortable\":true}},\"resetPasswordToken\":{\"edit\":{\"label\":\"resetPasswordToken\",\"description\":\"\",\"placeholder\":\"\",\"visible\":true,\"editable\":true},\"list\":{\"label\":\"resetPasswordToken\",\"searchable\":true,\"sortable\":true}},\"registrationToken\":{\"edit\":{\"label\":\"registrationToken\",\"description\":\"\",\"placeholder\":\"\",\"visible\":true,\"editable\":true},\"list\":{\"label\":\"registrationToken\",\"searchable\":true,\"sortable\":true}},\"isActive\":{\"edit\":{\"label\":\"isActive\",\"description\":\"\",\"placeholder\":\"\",\"visible\":true,\"editable\":true},\"list\":{\"label\":\"isActive\",\"searchable\":true,\"sortable\":true}},\"roles\":{\"edit\":{\"label\":\"roles\",\"description\":\"\",\"placeholder\":\"\",\"visible\":true,\"editable\":true,\"mainField\":\"name\"},\"list\":{\"label\":\"roles\",\"searchable\":false,\"sortable\":false}},\"blocked\":{\"edit\":{\"label\":\"blocked\",\"description\":\"\",\"placeholder\":\"\",\"visible\":true,\"editable\":true},\"list\":{\"label\":\"blocked\",\"searchable\":true,\"sortable\":true}},\"preferedLanguage\":{\"edit\":{\"label\":\"preferedLanguage\",\"description\":\"\",\"placeholder\":\"\",\"visible\":true,\"editable\":true},\"list\":{\"label\":\"preferedLanguage\",\"searchable\":true,\"sortable\":true}},\"createdAt\":{\"edit\":{\"label\":\"createdAt\",\"description\":\"\",\"placeholder\":\"\",\"visible\":false,\"editable\":true},\"list\":{\"label\":\"createdAt\",\"searchable\":true,\"sortable\":true}},\"updatedAt\":{\"edit\":{\"label\":\"updatedAt\",\"description\":\"\",\"placeholder\":\"\",\"visible\":false,\"editable\":true},\"list\":{\"label\":\"updatedAt\",\"searchable\":true,\"sortable\":true}}},\"layouts\":{\"list\":[\"id\",\"firstname\",\"lastname\",\"username\"],\"editRelations\":[\"roles\"],\"edit\":[[{\"name\":\"firstname\",\"size\":6},{\"name\":\"lastname\",\"size\":6}],[{\"name\":\"username\",\"size\":6},{\"name\":\"email\",\"size\":6}],[{\"name\":\"password\",\"size\":6},{\"name\":\"resetPasswordToken\",\"size\":6}],[{\"name\":\"registrationToken\",\"size\":6},{\"name\":\"isActive\",\"size\":4}],[{\"name\":\"blocked\",\"size\":4},{\"name\":\"preferedLanguage\",\"size\":6}]]}}','object',NULL,NULL),(5,'plugin_content_manager_configuration_content_types::admin::role','{\"uid\":\"admin::role\",\"settings\":{\"bulkable\":true,\"filterable\":true,\"searchable\":true,\"pageSize\":10,\"mainField\":\"name\",\"defaultSortBy\":\"name\",\"defaultSortOrder\":\"ASC\"},\"metadatas\":{\"id\":{\"edit\":{},\"list\":{\"label\":\"id\",\"searchable\":true,\"sortable\":true}},\"name\":{\"edit\":{\"label\":\"name\",\"description\":\"\",\"placeholder\":\"\",\"visible\":true,\"editable\":true},\"list\":{\"label\":\"name\",\"searchable\":true,\"sortable\":true}},\"code\":{\"edit\":{\"label\":\"code\",\"description\":\"\",\"placeholder\":\"\",\"visible\":true,\"editable\":true},\"list\":{\"label\":\"code\",\"searchable\":true,\"sortable\":true}},\"description\":{\"edit\":{\"label\":\"description\",\"description\":\"\",\"placeholder\":\"\",\"visible\":true,\"editable\":true},\"list\":{\"label\":\"description\",\"searchable\":true,\"sortable\":true}},\"users\":{\"edit\":{\"label\":\"users\",\"description\":\"\",\"placeholder\":\"\",\"visible\":true,\"editable\":true,\"mainField\":\"firstname\"},\"list\":{\"label\":\"users\",\"searchable\":false,\"sortable\":false}},\"permissions\":{\"edit\":{\"label\":\"permissions\",\"description\":\"\",\"placeholder\":\"\",\"visible\":true,\"editable\":true,\"mainField\":\"action\"},\"list\":{\"label\":\"permissions\",\"searchable\":false,\"sortable\":false}},\"createdAt\":{\"edit\":{\"label\":\"createdAt\",\"description\":\"\",\"placeholder\":\"\",\"visible\":false,\"editable\":true},\"list\":{\"label\":\"createdAt\",\"searchable\":true,\"sortable\":true}},\"updatedAt\":{\"edit\":{\"label\":\"updatedAt\",\"description\":\"\",\"placeholder\":\"\",\"visible\":false,\"editable\":true},\"list\":{\"label\":\"updatedAt\",\"searchable\":true,\"sortable\":true}}},\"layouts\":{\"list\":[\"id\",\"name\",\"code\",\"description\"],\"editRelations\":[\"users\",\"permissions\"],\"edit\":[[{\"name\":\"name\",\"size\":6},{\"name\":\"code\",\"size\":6}],[{\"name\":\"description\",\"size\":6}]]}}','object',NULL,NULL),(6,'plugin_content_manager_configuration_content_types::admin::api-token','{\"uid\":\"admin::api-token\",\"settings\":{\"bulkable\":true,\"filterable\":true,\"searchable\":true,\"pageSize\":10,\"mainField\":\"name\",\"defaultSortBy\":\"name\",\"defaultSortOrder\":\"ASC\"},\"metadatas\":{\"id\":{\"edit\":{},\"list\":{\"label\":\"id\",\"searchable\":true,\"sortable\":true}},\"name\":{\"edit\":{\"label\":\"name\",\"description\":\"\",\"placeholder\":\"\",\"visible\":true,\"editable\":true},\"list\":{\"label\":\"name\",\"searchable\":true,\"sortable\":true}},\"description\":{\"edit\":{\"label\":\"description\",\"description\":\"\",\"placeholder\":\"\",\"visible\":true,\"editable\":true},\"list\":{\"label\":\"description\",\"searchable\":true,\"sortable\":true}},\"type\":{\"edit\":{\"label\":\"type\",\"description\":\"\",\"placeholder\":\"\",\"visible\":true,\"editable\":true},\"list\":{\"label\":\"type\",\"searchable\":true,\"sortable\":true}},\"accessKey\":{\"edit\":{\"label\":\"accessKey\",\"description\":\"\",\"placeholder\":\"\",\"visible\":true,\"editable\":true},\"list\":{\"label\":\"accessKey\",\"searchable\":true,\"sortable\":true}},\"createdAt\":{\"edit\":{\"label\":\"createdAt\",\"description\":\"\",\"placeholder\":\"\",\"visible\":false,\"editable\":true},\"list\":{\"label\":\"createdAt\",\"searchable\":true,\"sortable\":true}},\"updatedAt\":{\"edit\":{\"label\":\"updatedAt\",\"description\":\"\",\"placeholder\":\"\",\"visible\":false,\"editable\":true},\"list\":{\"label\":\"updatedAt\",\"searchable\":true,\"sortable\":true}}},\"layouts\":{\"list\":[\"id\",\"name\",\"description\",\"type\"],\"editRelations\":[],\"edit\":[[{\"name\":\"name\",\"size\":6},{\"name\":\"description\",\"size\":6}],[{\"name\":\"type\",\"size\":6},{\"name\":\"accessKey\",\"size\":6}]]}}','object',NULL,NULL),(7,'plugin_content_manager_configuration_content_types::plugin::upload.file','{\"uid\":\"plugin::upload.file\",\"settings\":{\"bulkable\":true,\"filterable\":true,\"searchable\":true,\"pageSize\":10,\"mainField\":\"name\",\"defaultSortBy\":\"name\",\"defaultSortOrder\":\"ASC\"},\"metadatas\":{\"id\":{\"edit\":{},\"list\":{\"label\":\"id\",\"searchable\":true,\"sortable\":true}},\"name\":{\"edit\":{\"label\":\"name\",\"description\":\"\",\"placeholder\":\"\",\"visible\":true,\"editable\":true},\"list\":{\"label\":\"name\",\"searchable\":true,\"sortable\":true}},\"alternativeText\":{\"edit\":{\"label\":\"alternativeText\",\"description\":\"\",\"placeholder\":\"\",\"visible\":true,\"editable\":true},\"list\":{\"label\":\"alternativeText\",\"searchable\":true,\"sortable\":true}},\"caption\":{\"edit\":{\"label\":\"caption\",\"description\":\"\",\"placeholder\":\"\",\"visible\":true,\"editable\":true},\"list\":{\"label\":\"caption\",\"searchable\":true,\"sortable\":true}},\"width\":{\"edit\":{\"label\":\"width\",\"description\":\"\",\"placeholder\":\"\",\"visible\":true,\"editable\":true},\"list\":{\"label\":\"width\",\"searchable\":true,\"sortable\":true}},\"height\":{\"edit\":{\"label\":\"height\",\"description\":\"\",\"placeholder\":\"\",\"visible\":true,\"editable\":true},\"list\":{\"label\":\"height\",\"searchable\":true,\"sortable\":true}},\"formats\":{\"edit\":{\"label\":\"formats\",\"description\":\"\",\"placeholder\":\"\",\"visible\":true,\"editable\":true},\"list\":{\"label\":\"formats\",\"searchable\":false,\"sortable\":false}},\"hash\":{\"edit\":{\"label\":\"hash\",\"description\":\"\",\"placeholder\":\"\",\"visible\":true,\"editable\":true},\"list\":{\"label\":\"hash\",\"searchable\":true,\"sortable\":true}},\"ext\":{\"edit\":{\"label\":\"ext\",\"description\":\"\",\"placeholder\":\"\",\"visible\":true,\"editable\":true},\"list\":{\"label\":\"ext\",\"searchable\":true,\"sortable\":true}},\"mime\":{\"edit\":{\"label\":\"mime\",\"description\":\"\",\"placeholder\":\"\",\"visible\":true,\"editable\":true},\"list\":{\"label\":\"mime\",\"searchable\":true,\"sortable\":true}},\"size\":{\"edit\":{\"label\":\"size\",\"description\":\"\",\"placeholder\":\"\",\"visible\":true,\"editable\":true},\"list\":{\"label\":\"size\",\"searchable\":true,\"sortable\":true}},\"url\":{\"edit\":{\"label\":\"url\",\"description\":\"\",\"placeholder\":\"\",\"visible\":true,\"editable\":true},\"list\":{\"label\":\"url\",\"searchable\":true,\"sortable\":true}},\"previewUrl\":{\"edit\":{\"label\":\"previewUrl\",\"description\":\"\",\"placeholder\":\"\",\"visible\":true,\"editable\":true},\"list\":{\"label\":\"previewUrl\",\"searchable\":true,\"sortable\":true}},\"provider\":{\"edit\":{\"label\":\"provider\",\"description\":\"\",\"placeholder\":\"\",\"visible\":true,\"editable\":true},\"list\":{\"label\":\"provider\",\"searchable\":true,\"sortable\":true}},\"provider_metadata\":{\"edit\":{\"label\":\"provider_metadata\",\"description\":\"\",\"placeholder\":\"\",\"visible\":true,\"editable\":true},\"list\":{\"label\":\"provider_metadata\",\"searchable\":false,\"sortable\":false}},\"folder\":{\"edit\":{\"label\":\"folder\",\"description\":\"\",\"placeholder\":\"\",\"visible\":true,\"editable\":true,\"mainField\":\"name\"},\"list\":{\"label\":\"folder\",\"searchable\":true,\"sortable\":true}},\"folderPath\":{\"edit\":{\"label\":\"folderPath\",\"description\":\"\",\"placeholder\":\"\",\"visible\":true,\"editable\":true},\"list\":{\"label\":\"folderPath\",\"searchable\":true,\"sortable\":true}},\"createdAt\":{\"edit\":{\"label\":\"createdAt\",\"description\":\"\",\"placeholder\":\"\",\"visible\":false,\"editable\":true},\"list\":{\"label\":\"createdAt\",\"searchable\":true,\"sortable\":true}},\"updatedAt\":{\"edit\":{\"label\":\"updatedAt\",\"description\":\"\",\"placeholder\":\"\",\"visible\":false,\"editable\":true},\"list\":{\"label\":\"updatedAt\",\"searchable\":true,\"sortable\":true}}},\"layouts\":{\"list\":[\"id\",\"name\",\"alternativeText\",\"caption\"],\"editRelations\":[\"folder\"],\"edit\":[[{\"name\":\"name\",\"size\":6},{\"name\":\"alternativeText\",\"size\":6}],[{\"name\":\"caption\",\"size\":6},{\"name\":\"width\",\"size\":4}],[{\"name\":\"height\",\"size\":4}],[{\"name\":\"formats\",\"size\":12}],[{\"name\":\"hash\",\"size\":6},{\"name\":\"ext\",\"size\":6}],[{\"name\":\"mime\",\"size\":6},{\"name\":\"size\",\"size\":4}],[{\"name\":\"url\",\"size\":6},{\"name\":\"previewUrl\",\"size\":6}],[{\"name\":\"provider\",\"size\":6}],[{\"name\":\"provider_metadata\",\"size\":12}],[{\"name\":\"folderPath\",\"size\":6}]]}}','object',NULL,NULL),(8,'plugin_content_manager_configuration_content_types::plugin::i18n.locale','{\"uid\":\"plugin::i18n.locale\",\"settings\":{\"bulkable\":true,\"filterable\":true,\"searchable\":true,\"pageSize\":10,\"mainField\":\"name\",\"defaultSortBy\":\"name\",\"defaultSortOrder\":\"ASC\"},\"metadatas\":{\"id\":{\"edit\":{},\"list\":{\"label\":\"id\",\"searchable\":true,\"sortable\":true}},\"name\":{\"edit\":{\"label\":\"name\",\"description\":\"\",\"placeholder\":\"\",\"visible\":true,\"editable\":true},\"list\":{\"label\":\"name\",\"searchable\":true,\"sortable\":true}},\"code\":{\"edit\":{\"label\":\"code\",\"description\":\"\",\"placeholder\":\"\",\"visible\":true,\"editable\":true},\"list\":{\"label\":\"code\",\"searchable\":true,\"sortable\":true}},\"createdAt\":{\"edit\":{\"label\":\"createdAt\",\"description\":\"\",\"placeholder\":\"\",\"visible\":false,\"editable\":true},\"list\":{\"label\":\"createdAt\",\"searchable\":true,\"sortable\":true}},\"updatedAt\":{\"edit\":{\"label\":\"updatedAt\",\"description\":\"\",\"placeholder\":\"\",\"visible\":false,\"editable\":true},\"list\":{\"label\":\"updatedAt\",\"searchable\":true,\"sortable\":true}}},\"layouts\":{\"list\":[\"id\",\"name\",\"code\",\"createdAt\"],\"editRelations\":[],\"edit\":[[{\"name\":\"name\",\"size\":6},{\"name\":\"code\",\"size\":6}]]}}','object',NULL,NULL),(9,'plugin_content_manager_configuration_content_types::plugin::users-permissions.permission','{\"uid\":\"plugin::users-permissions.permission\",\"settings\":{\"bulkable\":true,\"filterable\":true,\"searchable\":true,\"pageSize\":10,\"mainField\":\"action\",\"defaultSortBy\":\"action\",\"defaultSortOrder\":\"ASC\"},\"metadatas\":{\"id\":{\"edit\":{},\"list\":{\"label\":\"id\",\"searchable\":true,\"sortable\":true}},\"action\":{\"edit\":{\"label\":\"action\",\"description\":\"\",\"placeholder\":\"\",\"visible\":true,\"editable\":true},\"list\":{\"label\":\"action\",\"searchable\":true,\"sortable\":true}},\"role\":{\"edit\":{\"label\":\"role\",\"description\":\"\",\"placeholder\":\"\",\"visible\":true,\"editable\":true,\"mainField\":\"name\"},\"list\":{\"label\":\"role\",\"searchable\":true,\"sortable\":true}},\"createdAt\":{\"edit\":{\"label\":\"createdAt\",\"description\":\"\",\"placeholder\":\"\",\"visible\":false,\"editable\":true},\"list\":{\"label\":\"createdAt\",\"searchable\":true,\"sortable\":true}},\"updatedAt\":{\"edit\":{\"label\":\"updatedAt\",\"description\":\"\",\"placeholder\":\"\",\"visible\":false,\"editable\":true},\"list\":{\"label\":\"updatedAt\",\"searchable\":true,\"sortable\":true}}},\"layouts\":{\"list\":[\"id\",\"action\",\"role\",\"createdAt\"],\"editRelations\":[\"role\"],\"edit\":[[{\"name\":\"action\",\"size\":6}]]}}','object',NULL,NULL),(10,'plugin_content_manager_configuration_content_types::plugin::users-permissions.role','{\"uid\":\"plugin::users-permissions.role\",\"settings\":{\"bulkable\":true,\"filterable\":true,\"searchable\":true,\"pageSize\":10,\"mainField\":\"name\",\"defaultSortBy\":\"name\",\"defaultSortOrder\":\"ASC\"},\"metadatas\":{\"id\":{\"edit\":{},\"list\":{\"label\":\"id\",\"searchable\":true,\"sortable\":true}},\"name\":{\"edit\":{\"label\":\"name\",\"description\":\"\",\"placeholder\":\"\",\"visible\":true,\"editable\":true},\"list\":{\"label\":\"name\",\"searchable\":true,\"sortable\":true}},\"description\":{\"edit\":{\"label\":\"description\",\"description\":\"\",\"placeholder\":\"\",\"visible\":true,\"editable\":true},\"list\":{\"label\":\"description\",\"searchable\":true,\"sortable\":true}},\"type\":{\"edit\":{\"label\":\"type\",\"description\":\"\",\"placeholder\":\"\",\"visible\":true,\"editable\":true},\"list\":{\"label\":\"type\",\"searchable\":true,\"sortable\":true}},\"permissions\":{\"edit\":{\"label\":\"permissions\",\"description\":\"\",\"placeholder\":\"\",\"visible\":true,\"editable\":true,\"mainField\":\"action\"},\"list\":{\"label\":\"permissions\",\"searchable\":false,\"sortable\":false}},\"users\":{\"edit\":{\"label\":\"users\",\"description\":\"\",\"placeholder\":\"\",\"visible\":true,\"editable\":true,\"mainField\":\"username\"},\"list\":{\"label\":\"users\",\"searchable\":false,\"sortable\":false}},\"createdAt\":{\"edit\":{\"label\":\"createdAt\",\"description\":\"\",\"placeholder\":\"\",\"visible\":false,\"editable\":true},\"list\":{\"label\":\"createdAt\",\"searchable\":true,\"sortable\":true}},\"updatedAt\":{\"edit\":{\"label\":\"updatedAt\",\"description\":\"\",\"placeholder\":\"\",\"visible\":false,\"editable\":true},\"list\":{\"label\":\"updatedAt\",\"searchable\":true,\"sortable\":true}}},\"layouts\":{\"list\":[\"id\",\"name\",\"description\",\"type\"],\"editRelations\":[\"permissions\",\"users\"],\"edit\":[[{\"name\":\"name\",\"size\":6},{\"name\":\"description\",\"size\":6}],[{\"name\":\"type\",\"size\":6}]]}}','object',NULL,NULL),(11,'plugin_content_manager_configuration_content_types::plugin::users-permissions.user','{\"uid\":\"plugin::users-permissions.user\",\"settings\":{\"bulkable\":true,\"filterable\":true,\"searchable\":true,\"pageSize\":10,\"mainField\":\"username\",\"defaultSortBy\":\"username\",\"defaultSortOrder\":\"ASC\"},\"metadatas\":{\"id\":{\"edit\":{},\"list\":{\"label\":\"id\",\"searchable\":true,\"sortable\":true}},\"username\":{\"edit\":{\"label\":\"username\",\"description\":\"\",\"placeholder\":\"\",\"visible\":true,\"editable\":true},\"list\":{\"label\":\"username\",\"searchable\":true,\"sortable\":true}},\"email\":{\"edit\":{\"label\":\"email\",\"description\":\"\",\"placeholder\":\"\",\"visible\":true,\"editable\":true},\"list\":{\"label\":\"email\",\"searchable\":true,\"sortable\":true}},\"provider\":{\"edit\":{\"label\":\"provider\",\"description\":\"\",\"placeholder\":\"\",\"visible\":false,\"editable\":true},\"list\":{\"label\":\"provider\",\"searchable\":true,\"sortable\":true}},\"password\":{\"edit\":{\"label\":\"password\",\"description\":\"\",\"placeholder\":\"\",\"visible\":true,\"editable\":true},\"list\":{\"label\":\"password\",\"searchable\":true,\"sortable\":true}},\"resetPasswordToken\":{\"edit\":{\"label\":\"resetPasswordToken\",\"description\":\"\",\"placeholder\":\"\",\"visible\":false,\"editable\":true},\"list\":{\"label\":\"resetPasswordToken\",\"searchable\":true,\"sortable\":true}},\"confirmationToken\":{\"edit\":{\"label\":\"confirmationToken\",\"description\":\"\",\"placeholder\":\"\",\"visible\":false,\"editable\":true},\"list\":{\"label\":\"confirmationToken\",\"searchable\":true,\"sortable\":true}},\"confirmed\":{\"edit\":{\"label\":\"confirmed\",\"description\":\"\",\"placeholder\":\"\",\"visible\":true,\"editable\":true},\"list\":{\"label\":\"confirmed\",\"searchable\":true,\"sortable\":true}},\"blocked\":{\"edit\":{\"label\":\"blocked\",\"description\":\"\",\"placeholder\":\"\",\"visible\":true,\"editable\":true},\"list\":{\"label\":\"blocked\",\"searchable\":true,\"sortable\":true}},\"role\":{\"edit\":{\"label\":\"role\",\"description\":\"\",\"placeholder\":\"\",\"visible\":true,\"editable\":true,\"mainField\":\"name\"},\"list\":{\"label\":\"role\",\"searchable\":true,\"sortable\":true}},\"createdAt\":{\"edit\":{\"label\":\"createdAt\",\"description\":\"\",\"placeholder\":\"\",\"visible\":false,\"editable\":true},\"list\":{\"label\":\"createdAt\",\"searchable\":true,\"sortable\":true}},\"updatedAt\":{\"edit\":{\"label\":\"updatedAt\",\"description\":\"\",\"placeholder\":\"\",\"visible\":false,\"editable\":true},\"list\":{\"label\":\"updatedAt\",\"searchable\":true,\"sortable\":true}}},\"layouts\":{\"list\":[\"id\",\"username\",\"email\",\"confirmed\"],\"editRelations\":[\"role\"],\"edit\":[[{\"name\":\"username\",\"size\":6},{\"name\":\"email\",\"size\":6}],[{\"name\":\"password\",\"size\":6},{\"name\":\"confirmed\",\"size\":4}],[{\"name\":\"blocked\",\"size\":4}]]}}','object',NULL,NULL),(12,'plugin_upload_settings','{\"sizeOptimization\":true,\"responsiveDimensions\":true,\"autoOrientation\":false}','object',NULL,NULL),(13,'plugin_upload_metrics','{\"weeklySchedule\":\"21 12 13 * * 4\",\"lastWeeklyUpdate\":1661433141021}','object',NULL,NULL),(14,'plugin_i18n_default_locale','\"fr\"','string',NULL,NULL),(15,'plugin_users-permissions_grant','{\"email\":{\"enabled\":true,\"icon\":\"envelope\"},\"discord\":{\"enabled\":false,\"icon\":\"discord\",\"key\":\"\",\"secret\":\"\",\"callback\":\"api/auth/discord/callback\",\"scope\":[\"identify\",\"email\"]},\"facebook\":{\"enabled\":false,\"icon\":\"facebook-square\",\"key\":\"\",\"secret\":\"\",\"callback\":\"api/auth/facebook/callback\",\"scope\":[\"email\"]},\"google\":{\"enabled\":false,\"icon\":\"google\",\"key\":\"\",\"secret\":\"\",\"callback\":\"api/auth/google/callback\",\"scope\":[\"email\"]},\"github\":{\"enabled\":false,\"icon\":\"github\",\"key\":\"\",\"secret\":\"\",\"callback\":\"api/auth/github/callback\",\"scope\":[\"user\",\"user:email\"]},\"microsoft\":{\"enabled\":false,\"icon\":\"windows\",\"key\":\"\",\"secret\":\"\",\"callback\":\"api/auth/microsoft/callback\",\"scope\":[\"user.read\"]},\"twitter\":{\"enabled\":false,\"icon\":\"twitter\",\"key\":\"\",\"secret\":\"\",\"callback\":\"api/auth/twitter/callback\"},\"instagram\":{\"enabled\":false,\"icon\":\"instagram\",\"key\":\"\",\"secret\":\"\",\"callback\":\"api/auth/instagram/callback\",\"scope\":[\"user_profile\"]},\"vk\":{\"enabled\":false,\"icon\":\"vk\",\"key\":\"\",\"secret\":\"\",\"callback\":\"api/auth/vk/callback\",\"scope\":[\"email\"]},\"twitch\":{\"enabled\":false,\"icon\":\"twitch\",\"key\":\"\",\"secret\":\"\",\"callback\":\"api/auth/twitch/callback\",\"scope\":[\"user:read:email\"]},\"linkedin\":{\"enabled\":false,\"icon\":\"linkedin\",\"key\":\"\",\"secret\":\"\",\"callback\":\"api/auth/linkedin/callback\",\"scope\":[\"r_liteprofile\",\"r_emailaddress\"]},\"cognito\":{\"enabled\":false,\"icon\":\"aws\",\"key\":\"\",\"secret\":\"\",\"subdomain\":\"my.subdomain.com\",\"callback\":\"api/auth/cognito/callback\",\"scope\":[\"email\",\"openid\",\"profile\"]},\"reddit\":{\"enabled\":false,\"icon\":\"reddit\",\"key\":\"\",\"secret\":\"\",\"state\":true,\"callback\":\"api/auth/reddit/callback\",\"scope\":[\"identity\"]},\"auth0\":{\"enabled\":false,\"icon\":\"\",\"key\":\"\",\"secret\":\"\",\"subdomain\":\"my-tenant.eu\",\"callback\":\"api/auth/auth0/callback\",\"scope\":[\"openid\",\"email\",\"profile\"]},\"cas\":{\"enabled\":false,\"icon\":\"book\",\"key\":\"\",\"secret\":\"\",\"callback\":\"api/auth/cas/callback\",\"scope\":[\"openid email\"],\"subdomain\":\"my.subdomain.com/cas\"}}','object',NULL,NULL),(16,'plugin_users-permissions_email','{\"reset_password\":{\"display\":\"Email.template.reset_password\",\"icon\":\"sync\",\"options\":{\"from\":{\"name\":\"Administration Panel\",\"email\":\"no-reply@strapi.io\"},\"response_email\":\"\",\"object\":\"Reset password\",\"message\":\"<p>We heard that you lost your password. Sorry about that!</p>\\n\\n<p>But don’t worry! You can use the following link to reset your password:</p>\\n<p><%= URL %>?code=<%= TOKEN %></p>\\n\\n<p>Thanks.</p>\"}},\"email_confirmation\":{\"display\":\"Email.template.email_confirmation\",\"icon\":\"check-square\",\"options\":{\"from\":{\"name\":\"Administration Panel\",\"email\":\"no-reply@strapi.io\"},\"response_email\":\"\",\"object\":\"Account confirmation\",\"message\":\"<p>Thank you for registering!</p>\\n\\n<p>You have to confirm your email address. Please click on the link below.</p>\\n\\n<p><%= URL %>?confirmation=<%= CODE %></p>\\n\\n<p>Thanks.</p>\"}}}','object',NULL,NULL),(17,'plugin_users-permissions_advanced','{\"unique_email\":true,\"allow_register\":true,\"email_confirmation\":false,\"email_reset_password\":null,\"email_confirmation_redirection\":null,\"default_role\":\"authenticated\"}','object',NULL,NULL),(18,'core_admin_auth','{\"providers\":{\"autoRegister\":false,\"defaultRole\":null}}','object',NULL,NULL),(20,'plugin_content_manager_configuration_content_types::api::post.post','{\"uid\":\"api::post.post\",\"settings\":{\"bulkable\":true,\"filterable\":true,\"searchable\":true,\"pageSize\":10,\"mainField\":\"title\",\"defaultSortBy\":\"title\",\"defaultSortOrder\":\"ASC\"},\"metadatas\":{\"id\":{\"edit\":{},\"list\":{\"label\":\"id\",\"searchable\":true,\"sortable\":true}},\"title\":{\"edit\":{\"label\":\"Titre de l\'article\",\"description\":\"\",\"placeholder\":\"Titre de l\'article\",\"visible\":true,\"editable\":true},\"list\":{\"label\":\"Titre\",\"searchable\":true,\"sortable\":true}},\"description\":{\"edit\":{\"label\":\"description\",\"description\":\"\",\"placeholder\":\"\",\"visible\":true,\"editable\":true},\"list\":{\"label\":\"description\",\"searchable\":true,\"sortable\":true}},\"online\":{\"edit\":{\"label\":\"online\",\"description\":\"\",\"placeholder\":\"\",\"visible\":true,\"editable\":true},\"list\":{\"label\":\"En ligne\",\"searchable\":true,\"sortable\":true}},\"createdAt\":{\"edit\":{\"label\":\"createdAt\",\"description\":\"\",\"placeholder\":\"\",\"visible\":false,\"editable\":true},\"list\":{\"label\":\"createdAt\",\"searchable\":true,\"sortable\":true}},\"updatedAt\":{\"edit\":{\"label\":\"updatedAt\",\"description\":\"\",\"placeholder\":\"\",\"visible\":false,\"editable\":true},\"list\":{\"label\":\"updatedAt\",\"searchable\":true,\"sortable\":true}}},\"layouts\":{\"edit\":[[{\"name\":\"title\",\"size\":12}],[{\"name\":\"description\",\"size\":12}],[{\"name\":\"online\",\"size\":12}]],\"editRelations\":[],\"list\":[\"title\",\"description\",\"online\"]}}','object',NULL,NULL);
/*!40000 ALTER TABLE `strapi_core_store_settings` ENABLE KEYS */;
UNLOCK TABLES;

--
-- Table structure for table `strapi_database_schema`
--

DROP TABLE IF EXISTS `strapi_database_schema`;
/*!40101 SET @saved_cs_client     = @@character_set_client */;
/*!40101 SET character_set_client = utf8 */;
CREATE TABLE `strapi_database_schema` (
  `id` int(10) unsigned NOT NULL AUTO_INCREMENT,
  `schema` longtext CHARACTER SET utf8mb4 COLLATE utf8mb4_bin DEFAULT NULL,
  `time` datetime DEFAULT NULL,
  `hash` varchar(255) DEFAULT NULL,
  PRIMARY KEY (`id`)
) ENGINE=InnoDB AUTO_INCREMENT=5 DEFAULT CHARSET=utf8mb4;
/*!40101 SET character_set_client = @saved_cs_client */;

--
-- Dumping data for table `strapi_database_schema`
--

LOCK TABLES `strapi_database_schema` WRITE;
/*!40000 ALTER TABLE `strapi_database_schema` DISABLE KEYS */;
INSERT INTO `strapi_database_schema` VALUES (4,'{\"tables\":[{\"name\":\"strapi_core_store_settings\",\"indexes\":[],\"foreignKeys\":[],\"columns\":[{\"name\":\"id\",\"type\":\"increments\",\"args\":[{\"primary\":true,\"primaryKey\":true}],\"defaultTo\":null,\"notNullable\":true,\"unsigned\":false},{\"name\":\"key\",\"type\":\"string\",\"args\":[],\"defaultTo\":null,\"notNullable\":false,\"unsigned\":false},{\"name\":\"value\",\"type\":\"text\",\"args\":[\"longtext\"],\"defaultTo\":null,\"notNullable\":false,\"unsigned\":false},{\"name\":\"type\",\"type\":\"string\",\"args\":[],\"defaultTo\":null,\"notNullable\":false,\"unsigned\":false},{\"name\":\"environment\",\"type\":\"string\",\"args\":[],\"defaultTo\":null,\"notNullable\":false,\"unsigned\":false},{\"name\":\"tag\",\"type\":\"string\",\"args\":[],\"defaultTo\":null,\"notNullable\":false,\"unsigned\":false}]},{\"name\":\"strapi_webhooks\",\"indexes\":[],\"foreignKeys\":[],\"columns\":[{\"name\":\"id\",\"type\":\"increments\",\"args\":[{\"primary\":true,\"primaryKey\":true}],\"defaultTo\":null,\"notNullable\":true,\"unsigned\":false},{\"name\":\"name\",\"type\":\"string\",\"args\":[],\"defaultTo\":null,\"notNullable\":false,\"unsigned\":false},{\"name\":\"url\",\"type\":\"text\",\"args\":[\"longtext\"],\"defaultTo\":null,\"notNullable\":false,\"unsigned\":false},{\"name\":\"headers\",\"type\":\"jsonb\",\"args\":[],\"defaultTo\":null,\"notNullable\":false,\"unsigned\":false},{\"name\":\"events\",\"type\":\"jsonb\",\"args\":[],\"defaultTo\":null,\"notNullable\":false,\"unsigned\":false},{\"name\":\"enabled\",\"type\":\"boolean\",\"args\":[],\"defaultTo\":null,\"notNullable\":false,\"unsigned\":false}]},{\"name\":\"admin_permissions\",\"indexes\":[{\"name\":\"admin_permissions_created_by_id_fk\",\"columns\":[\"created_by_id\"]},{\"name\":\"admin_permissions_updated_by_id_fk\",\"columns\":[\"updated_by_id\"]}],\"foreignKeys\":[{\"name\":\"admin_permissions_created_by_id_fk\",\"columns\":[\"created_by_id\"],\"referencedTable\":\"admin_users\",\"referencedColumns\":[\"id\"],\"onDelete\":\"SET NULL\"},{\"name\":\"admin_permissions_updated_by_id_fk\",\"columns\":[\"updated_by_id\"],\"referencedTable\":\"admin_users\",\"referencedColumns\":[\"id\"],\"onDelete\":\"SET NULL\"}],\"columns\":[{\"name\":\"id\",\"type\":\"increments\",\"args\":[{\"primary\":true,\"primaryKey\":true}],\"defaultTo\":null,\"notNullable\":true,\"unsigned\":false},{\"name\":\"action\",\"type\":\"string\",\"args\":[],\"defaultTo\":null,\"notNullable\":false,\"unsigned\":false},{\"name\":\"subject\",\"type\":\"string\",\"args\":[],\"defaultTo\":null,\"notNullable\":false,\"unsigned\":false},{\"name\":\"properties\",\"type\":\"jsonb\",\"args\":[],\"defaultTo\":null,\"notNullable\":false,\"unsigned\":false},{\"name\":\"conditions\",\"type\":\"jsonb\",\"args\":[],\"defaultTo\":null,\"notNullable\":false,\"unsigned\":false},{\"name\":\"created_at\",\"type\":\"datetime\",\"args\":[{\"useTz\":false,\"precision\":6}],\"defaultTo\":null,\"notNullable\":false,\"unsigned\":false},{\"name\":\"updated_at\",\"type\":\"datetime\",\"args\":[{\"useTz\":false,\"precision\":6}],\"defaultTo\":null,\"notNullable\":false,\"unsigned\":false},{\"name\":\"created_by_id\",\"type\":\"integer\",\"args\":[],\"defaultTo\":null,\"notNullable\":false,\"unsigned\":true},{\"name\":\"updated_by_id\",\"type\":\"integer\",\"args\":[],\"defaultTo\":null,\"notNullable\":false,\"unsigned\":true}]},{\"name\":\"admin_users\",\"indexes\":[{\"name\":\"admin_users_created_by_id_fk\",\"columns\":[\"created_by_id\"]},{\"name\":\"admin_users_updated_by_id_fk\",\"columns\":[\"updated_by_id\"]}],\"foreignKeys\":[{\"name\":\"admin_users_created_by_id_fk\",\"columns\":[\"created_by_id\"],\"referencedTable\":\"admin_users\",\"referencedColumns\":[\"id\"],\"onDelete\":\"SET NULL\"},{\"name\":\"admin_users_updated_by_id_fk\",\"columns\":[\"updated_by_id\"],\"referencedTable\":\"admin_users\",\"referencedColumns\":[\"id\"],\"onDelete\":\"SET NULL\"}],\"columns\":[{\"name\":\"id\",\"type\":\"increments\",\"args\":[{\"primary\":true,\"primaryKey\":true}],\"defaultTo\":null,\"notNullable\":true,\"unsigned\":false},{\"name\":\"firstname\",\"type\":\"string\",\"args\":[],\"defaultTo\":null,\"notNullable\":false,\"unsigned\":false},{\"name\":\"lastname\",\"type\":\"string\",\"args\":[],\"defaultTo\":null,\"notNullable\":false,\"unsigned\":false},{\"name\":\"username\",\"type\":\"string\",\"args\":[],\"defaultTo\":null,\"notNullable\":false,\"unsigned\":false},{\"name\":\"email\",\"type\":\"string\",\"args\":[],\"defaultTo\":null,\"notNullable\":false,\"unsigned\":false},{\"name\":\"password\",\"type\":\"string\",\"args\":[],\"defaultTo\":null,\"notNullable\":false,\"unsigned\":false},{\"name\":\"reset_password_token\",\"type\":\"string\",\"args\":[],\"defaultTo\":null,\"notNullable\":false,\"unsigned\":false},{\"name\":\"registration_token\",\"type\":\"string\",\"args\":[],\"defaultTo\":null,\"notNullable\":false,\"unsigned\":false},{\"name\":\"is_active\",\"type\":\"boolean\",\"args\":[],\"defaultTo\":null,\"notNullable\":false,\"unsigned\":false},{\"name\":\"blocked\",\"type\":\"boolean\",\"args\":[],\"defaultTo\":null,\"notNullable\":false,\"unsigned\":false},{\"name\":\"prefered_language\",\"type\":\"string\",\"args\":[],\"defaultTo\":null,\"notNullable\":false,\"unsigned\":false},{\"name\":\"created_at\",\"type\":\"datetime\",\"args\":[{\"useTz\":false,\"precision\":6}],\"defaultTo\":null,\"notNullable\":false,\"unsigned\":false},{\"name\":\"updated_at\",\"type\":\"datetime\",\"args\":[{\"useTz\":false,\"precision\":6}],\"defaultTo\":null,\"notNullable\":false,\"unsigned\":false},{\"name\":\"created_by_id\",\"type\":\"integer\",\"args\":[],\"defaultTo\":null,\"notNullable\":false,\"unsigned\":true},{\"name\":\"updated_by_id\",\"type\":\"integer\",\"args\":[],\"defaultTo\":null,\"notNullable\":false,\"unsigned\":true}]},{\"name\":\"admin_roles\",\"indexes\":[{\"name\":\"admin_roles_created_by_id_fk\",\"columns\":[\"created_by_id\"]},{\"name\":\"admin_roles_updated_by_id_fk\",\"columns\":[\"updated_by_id\"]}],\"foreignKeys\":[{\"name\":\"admin_roles_created_by_id_fk\",\"columns\":[\"created_by_id\"],\"referencedTable\":\"admin_users\",\"referencedColumns\":[\"id\"],\"onDelete\":\"SET NULL\"},{\"name\":\"admin_roles_updated_by_id_fk\",\"columns\":[\"updated_by_id\"],\"referencedTable\":\"admin_users\",\"referencedColumns\":[\"id\"],\"onDelete\":\"SET NULL\"}],\"columns\":[{\"name\":\"id\",\"type\":\"increments\",\"args\":[{\"primary\":true,\"primaryKey\":true}],\"defaultTo\":null,\"notNullable\":true,\"unsigned\":false},{\"name\":\"name\",\"type\":\"string\",\"args\":[],\"defaultTo\":null,\"notNullable\":false,\"unsigned\":false},{\"name\":\"code\",\"type\":\"string\",\"args\":[],\"defaultTo\":null,\"notNullable\":false,\"unsigned\":false},{\"name\":\"description\",\"type\":\"string\",\"args\":[],\"defaultTo\":null,\"notNullable\":false,\"unsigned\":false},{\"name\":\"created_at\",\"type\":\"datetime\",\"args\":[{\"useTz\":false,\"precision\":6}],\"defaultTo\":null,\"notNullable\":false,\"unsigned\":false},{\"name\":\"updated_at\",\"type\":\"datetime\",\"args\":[{\"useTz\":false,\"precision\":6}],\"defaultTo\":null,\"notNullable\":false,\"unsigned\":false},{\"name\":\"created_by_id\",\"type\":\"integer\",\"args\":[],\"defaultTo\":null,\"notNullable\":false,\"unsigned\":true},{\"name\":\"updated_by_id\",\"type\":\"integer\",\"args\":[],\"defaultTo\":null,\"notNullable\":false,\"unsigned\":true}]},{\"name\":\"strapi_api_tokens\",\"indexes\":[{\"name\":\"strapi_api_tokens_created_by_id_fk\",\"columns\":[\"created_by_id\"]},{\"name\":\"strapi_api_tokens_updated_by_id_fk\",\"columns\":[\"updated_by_id\"]}],\"foreignKeys\":[{\"name\":\"strapi_api_tokens_created_by_id_fk\",\"columns\":[\"created_by_id\"],\"referencedTable\":\"admin_users\",\"referencedColumns\":[\"id\"],\"onDelete\":\"SET NULL\"},{\"name\":\"strapi_api_tokens_updated_by_id_fk\",\"columns\":[\"updated_by_id\"],\"referencedTable\":\"admin_users\",\"referencedColumns\":[\"id\"],\"onDelete\":\"SET NULL\"}],\"columns\":[{\"name\":\"id\",\"type\":\"increments\",\"args\":[{\"primary\":true,\"primaryKey\":true}],\"defaultTo\":null,\"notNullable\":true,\"unsigned\":false},{\"name\":\"name\",\"type\":\"string\",\"args\":[],\"defaultTo\":null,\"notNullable\":false,\"unsigned\":false},{\"name\":\"description\",\"type\":\"string\",\"args\":[],\"defaultTo\":null,\"notNullable\":false,\"unsigned\":false},{\"name\":\"type\",\"type\":\"string\",\"args\":[],\"defaultTo\":null,\"notNullable\":false,\"unsigned\":false},{\"name\":\"access_key\",\"type\":\"string\",\"args\":[],\"defaultTo\":null,\"notNullable\":false,\"unsigned\":false},{\"name\":\"created_at\",\"type\":\"datetime\",\"args\":[{\"useTz\":false,\"precision\":6}],\"defaultTo\":null,\"notNullable\":false,\"unsigned\":false},{\"name\":\"updated_at\",\"type\":\"datetime\",\"args\":[{\"useTz\":false,\"precision\":6}],\"defaultTo\":null,\"notNullable\":false,\"unsigned\":false},{\"name\":\"created_by_id\",\"type\":\"integer\",\"args\":[],\"defaultTo\":null,\"notNullable\":false,\"unsigned\":true},{\"name\":\"updated_by_id\",\"type\":\"integer\",\"args\":[],\"defaultTo\":null,\"notNullable\":false,\"unsigned\":true}]},{\"name\":\"posts\",\"indexes\":[{\"name\":\"posts_created_by_id_fk\",\"columns\":[\"created_by_id\"]},{\"name\":\"posts_updated_by_id_fk\",\"columns\":[\"updated_by_id\"]}],\"foreignKeys\":[{\"name\":\"posts_created_by_id_fk\",\"columns\":[\"created_by_id\"],\"referencedTable\":\"admin_users\",\"referencedColumns\":[\"id\"],\"onDelete\":\"SET NULL\"},{\"name\":\"posts_updated_by_id_fk\",\"columns\":[\"updated_by_id\"],\"referencedTable\":\"admin_users\",\"referencedColumns\":[\"id\"],\"onDelete\":\"SET NULL\"}],\"columns\":[{\"name\":\"id\",\"type\":\"increments\",\"args\":[{\"primary\":true,\"primaryKey\":true}],\"defaultTo\":null,\"notNullable\":true,\"unsigned\":false},{\"name\":\"title\",\"type\":\"string\",\"args\":[],\"defaultTo\":null,\"notNullable\":false,\"unsigned\":false},{\"name\":\"description\",\"type\":\"text\",\"args\":[\"longtext\"],\"defaultTo\":null,\"notNullable\":false,\"unsigned\":false},{\"name\":\"online\",\"type\":\"boolean\",\"args\":[],\"defaultTo\":null,\"notNullable\":false,\"unsigned\":false},{\"name\":\"created_at\",\"type\":\"datetime\",\"args\":[{\"useTz\":false,\"precision\":6}],\"defaultTo\":null,\"notNullable\":false,\"unsigned\":false},{\"name\":\"updated_at\",\"type\":\"datetime\",\"args\":[{\"useTz\":false,\"precision\":6}],\"defaultTo\":null,\"notNullable\":false,\"unsigned\":false},{\"name\":\"published_at\",\"type\":\"datetime\",\"args\":[{\"useTz\":false,\"precision\":6}],\"defaultTo\":null,\"notNullable\":false,\"unsigned\":false},{\"name\":\"created_by_id\",\"type\":\"integer\",\"args\":[],\"defaultTo\":null,\"notNullable\":false,\"unsigned\":true},{\"name\":\"updated_by_id\",\"type\":\"integer\",\"args\":[],\"defaultTo\":null,\"notNullable\":false,\"unsigned\":true}]},{\"name\":\"files\",\"indexes\":[{\"name\":\"upload_files_folder_path_index\",\"columns\":[\"folder_path\"],\"type\":null},{\"name\":\"files_created_by_id_fk\",\"columns\":[\"created_by_id\"]},{\"name\":\"files_updated_by_id_fk\",\"columns\":[\"updated_by_id\"]}],\"foreignKeys\":[{\"name\":\"files_created_by_id_fk\",\"columns\":[\"created_by_id\"],\"referencedTable\":\"admin_users\",\"referencedColumns\":[\"id\"],\"onDelete\":\"SET NULL\"},{\"name\":\"files_updated_by_id_fk\",\"columns\":[\"updated_by_id\"],\"referencedTable\":\"admin_users\",\"referencedColumns\":[\"id\"],\"onDelete\":\"SET NULL\"}],\"columns\":[{\"name\":\"id\",\"type\":\"increments\",\"args\":[{\"primary\":true,\"primaryKey\":true}],\"defaultTo\":null,\"notNullable\":true,\"unsigned\":false},{\"name\":\"name\",\"type\":\"string\",\"args\":[],\"defaultTo\":null,\"notNullable\":false,\"unsigned\":false},{\"name\":\"alternative_text\",\"type\":\"string\",\"args\":[],\"defaultTo\":null,\"notNullable\":false,\"unsigned\":false},{\"name\":\"caption\",\"type\":\"string\",\"args\":[],\"defaultTo\":null,\"notNullable\":false,\"unsigned\":false},{\"name\":\"width\",\"type\":\"integer\",\"args\":[],\"defaultTo\":null,\"notNullable\":false,\"unsigned\":false},{\"name\":\"height\",\"type\":\"integer\",\"args\":[],\"defaultTo\":null,\"notNullable\":false,\"unsigned\":false},{\"name\":\"formats\",\"type\":\"jsonb\",\"args\":[],\"defaultTo\":null,\"notNullable\":false,\"unsigned\":false},{\"name\":\"hash\",\"type\":\"string\",\"args\":[],\"defaultTo\":null,\"notNullable\":false,\"unsigned\":false},{\"name\":\"ext\",\"type\":\"string\",\"args\":[],\"defaultTo\":null,\"notNullable\":false,\"unsigned\":false},{\"name\":\"mime\",\"type\":\"string\",\"args\":[],\"defaultTo\":null,\"notNullable\":false,\"unsigned\":false},{\"name\":\"size\",\"type\":\"decimal\",\"args\":[10,2],\"defaultTo\":null,\"notNullable\":false,\"unsigned\":false},{\"name\":\"url\",\"type\":\"string\",\"args\":[],\"defaultTo\":null,\"notNullable\":false,\"unsigned\":false},{\"name\":\"preview_url\",\"type\":\"string\",\"args\":[],\"defaultTo\":null,\"notNullable\":false,\"unsigned\":false},{\"name\":\"provider\",\"type\":\"string\",\"args\":[],\"defaultTo\":null,\"notNullable\":false,\"unsigned\":false},{\"name\":\"provider_metadata\",\"type\":\"jsonb\",\"args\":[],\"defaultTo\":null,\"notNullable\":false,\"unsigned\":false},{\"name\":\"folder_path\",\"type\":\"string\",\"args\":[],\"defaultTo\":null,\"notNullable\":false,\"unsigned\":false},{\"name\":\"created_at\",\"type\":\"datetime\",\"args\":[{\"useTz\":false,\"precision\":6}],\"defaultTo\":null,\"notNullable\":false,\"unsigned\":false},{\"name\":\"updated_at\",\"type\":\"datetime\",\"args\":[{\"useTz\":false,\"precision\":6}],\"defaultTo\":null,\"notNullable\":false,\"unsigned\":false},{\"name\":\"created_by_id\",\"type\":\"integer\",\"args\":[],\"defaultTo\":null,\"notNullable\":false,\"unsigned\":true},{\"name\":\"updated_by_id\",\"type\":\"integer\",\"args\":[],\"defaultTo\":null,\"notNullable\":false,\"unsigned\":true}]},{\"name\":\"upload_folders\",\"indexes\":[{\"name\":\"upload_folders_path_id_index\",\"columns\":[\"path_id\"],\"type\":\"unique\"},{\"name\":\"upload_folders_path_index\",\"columns\":[\"path\"],\"type\":\"unique\"},{\"name\":\"upload_folders_created_by_id_fk\",\"columns\":[\"created_by_id\"]},{\"name\":\"upload_folders_updated_by_id_fk\",\"columns\":[\"updated_by_id\"]}],\"foreignKeys\":[{\"name\":\"upload_folders_created_by_id_fk\",\"columns\":[\"created_by_id\"],\"referencedTable\":\"admin_users\",\"referencedColumns\":[\"id\"],\"onDelete\":\"SET NULL\"},{\"name\":\"upload_folders_updated_by_id_fk\",\"columns\":[\"updated_by_id\"],\"referencedTable\":\"admin_users\",\"referencedColumns\":[\"id\"],\"onDelete\":\"SET NULL\"}],\"columns\":[{\"name\":\"id\",\"type\":\"increments\",\"args\":[{\"primary\":true,\"primaryKey\":true}],\"defaultTo\":null,\"notNullable\":true,\"unsigned\":false},{\"name\":\"name\",\"type\":\"string\",\"args\":[],\"defaultTo\":null,\"notNullable\":false,\"unsigned\":false},{\"name\":\"path_id\",\"type\":\"integer\",\"args\":[],\"defaultTo\":null,\"notNullable\":false,\"unsigned\":false},{\"name\":\"path\",\"type\":\"string\",\"args\":[],\"defaultTo\":null,\"notNullable\":false,\"unsigned\":false},{\"name\":\"created_at\",\"type\":\"datetime\",\"args\":[{\"useTz\":false,\"precision\":6}],\"defaultTo\":null,\"notNullable\":false,\"unsigned\":false},{\"name\":\"updated_at\",\"type\":\"datetime\",\"args\":[{\"useTz\":false,\"precision\":6}],\"defaultTo\":null,\"notNullable\":false,\"unsigned\":false},{\"name\":\"created_by_id\",\"type\":\"integer\",\"args\":[],\"defaultTo\":null,\"notNullable\":false,\"unsigned\":true},{\"name\":\"updated_by_id\",\"type\":\"integer\",\"args\":[],\"defaultTo\":null,\"notNullable\":false,\"unsigned\":true}]},{\"name\":\"i18n_locale\",\"indexes\":[{\"name\":\"i18n_locale_created_by_id_fk\",\"columns\":[\"created_by_id\"]},{\"name\":\"i18n_locale_updated_by_id_fk\",\"columns\":[\"updated_by_id\"]}],\"foreignKeys\":[{\"name\":\"i18n_locale_created_by_id_fk\",\"columns\":[\"created_by_id\"],\"referencedTable\":\"admin_users\",\"referencedColumns\":[\"id\"],\"onDelete\":\"SET NULL\"},{\"name\":\"i18n_locale_updated_by_id_fk\",\"columns\":[\"updated_by_id\"],\"referencedTable\":\"admin_users\",\"referencedColumns\":[\"id\"],\"onDelete\":\"SET NULL\"}],\"columns\":[{\"name\":\"id\",\"type\":\"increments\",\"args\":[{\"primary\":true,\"primaryKey\":true}],\"defaultTo\":null,\"notNullable\":true,\"unsigned\":false},{\"name\":\"name\",\"type\":\"string\",\"args\":[],\"defaultTo\":null,\"notNullable\":false,\"unsigned\":false},{\"name\":\"code\",\"type\":\"string\",\"args\":[],\"defaultTo\":null,\"notNullable\":false,\"unsigned\":false},{\"name\":\"created_at\",\"type\":\"datetime\",\"args\":[{\"useTz\":false,\"precision\":6}],\"defaultTo\":null,\"notNullable\":false,\"unsigned\":false},{\"name\":\"updated_at\",\"type\":\"datetime\",\"args\":[{\"useTz\":false,\"precision\":6}],\"defaultTo\":null,\"notNullable\":false,\"unsigned\":false},{\"name\":\"created_by_id\",\"type\":\"integer\",\"args\":[],\"defaultTo\":null,\"notNullable\":false,\"unsigned\":true},{\"name\":\"updated_by_id\",\"type\":\"integer\",\"args\":[],\"defaultTo\":null,\"notNullable\":false,\"unsigned\":true}]},{\"name\":\"up_permissions\",\"indexes\":[{\"name\":\"up_permissions_created_by_id_fk\",\"columns\":[\"created_by_id\"]},{\"name\":\"up_permissions_updated_by_id_fk\",\"columns\":[\"updated_by_id\"]}],\"foreignKeys\":[{\"name\":\"up_permissions_created_by_id_fk\",\"columns\":[\"created_by_id\"],\"referencedTable\":\"admin_users\",\"referencedColumns\":[\"id\"],\"onDelete\":\"SET NULL\"},{\"name\":\"up_permissions_updated_by_id_fk\",\"columns\":[\"updated_by_id\"],\"referencedTable\":\"admin_users\",\"referencedColumns\":[\"id\"],\"onDelete\":\"SET NULL\"}],\"columns\":[{\"name\":\"id\",\"type\":\"increments\",\"args\":[{\"primary\":true,\"primaryKey\":true}],\"defaultTo\":null,\"notNullable\":true,\"unsigned\":false},{\"name\":\"action\",\"type\":\"string\",\"args\":[],\"defaultTo\":null,\"notNullable\":false,\"unsigned\":false},{\"name\":\"created_at\",\"type\":\"datetime\",\"args\":[{\"useTz\":false,\"precision\":6}],\"defaultTo\":null,\"notNullable\":false,\"unsigned\":false},{\"name\":\"updated_at\",\"type\":\"datetime\",\"args\":[{\"useTz\":false,\"precision\":6}],\"defaultTo\":null,\"notNullable\":false,\"unsigned\":false},{\"name\":\"created_by_id\",\"type\":\"integer\",\"args\":[],\"defaultTo\":null,\"notNullable\":false,\"unsigned\":true},{\"name\":\"updated_by_id\",\"type\":\"integer\",\"args\":[],\"defaultTo\":null,\"notNullable\":false,\"unsigned\":true}]},{\"name\":\"up_roles\",\"indexes\":[{\"name\":\"up_roles_created_by_id_fk\",\"columns\":[\"created_by_id\"]},{\"name\":\"up_roles_updated_by_id_fk\",\"columns\":[\"updated_by_id\"]}],\"foreignKeys\":[{\"name\":\"up_roles_created_by_id_fk\",\"columns\":[\"created_by_id\"],\"referencedTable\":\"admin_users\",\"referencedColumns\":[\"id\"],\"onDelete\":\"SET NULL\"},{\"name\":\"up_roles_updated_by_id_fk\",\"columns\":[\"updated_by_id\"],\"referencedTable\":\"admin_users\",\"referencedColumns\":[\"id\"],\"onDelete\":\"SET NULL\"}],\"columns\":[{\"name\":\"id\",\"type\":\"increments\",\"args\":[{\"primary\":true,\"primaryKey\":true}],\"defaultTo\":null,\"notNullable\":true,\"unsigned\":false},{\"name\":\"name\",\"type\":\"string\",\"args\":[],\"defaultTo\":null,\"notNullable\":false,\"unsigned\":false},{\"name\":\"description\",\"type\":\"string\",\"args\":[],\"defaultTo\":null,\"notNullable\":false,\"unsigned\":false},{\"name\":\"type\",\"type\":\"string\",\"args\":[],\"defaultTo\":null,\"notNullable\":false,\"unsigned\":false},{\"name\":\"created_at\",\"type\":\"datetime\",\"args\":[{\"useTz\":false,\"precision\":6}],\"defaultTo\":null,\"notNullable\":false,\"unsigned\":false},{\"name\":\"updated_at\",\"type\":\"datetime\",\"args\":[{\"useTz\":false,\"precision\":6}],\"defaultTo\":null,\"notNullable\":false,\"unsigned\":false},{\"name\":\"created_by_id\",\"type\":\"integer\",\"args\":[],\"defaultTo\":null,\"notNullable\":false,\"unsigned\":true},{\"name\":\"updated_by_id\",\"type\":\"integer\",\"args\":[],\"defaultTo\":null,\"notNullable\":false,\"unsigned\":true}]},{\"name\":\"up_users\",\"indexes\":[{\"name\":\"up_users_created_by_id_fk\",\"columns\":[\"created_by_id\"]},{\"name\":\"up_users_updated_by_id_fk\",\"columns\":[\"updated_by_id\"]}],\"foreignKeys\":[{\"name\":\"up_users_created_by_id_fk\",\"columns\":[\"created_by_id\"],\"referencedTable\":\"admin_users\",\"referencedColumns\":[\"id\"],\"onDelete\":\"SET NULL\"},{\"name\":\"up_users_updated_by_id_fk\",\"columns\":[\"updated_by_id\"],\"referencedTable\":\"admin_users\",\"referencedColumns\":[\"id\"],\"onDelete\":\"SET NULL\"}],\"columns\":[{\"name\":\"id\",\"type\":\"increments\",\"args\":[{\"primary\":true,\"primaryKey\":true}],\"defaultTo\":null,\"notNullable\":true,\"unsigned\":false},{\"name\":\"username\",\"type\":\"string\",\"args\":[],\"defaultTo\":null,\"notNullable\":false,\"unsigned\":false},{\"name\":\"email\",\"type\":\"string\",\"args\":[],\"defaultTo\":null,\"notNullable\":false,\"unsigned\":false},{\"name\":\"provider\",\"type\":\"string\",\"args\":[],\"defaultTo\":null,\"notNullable\":false,\"unsigned\":false},{\"name\":\"password\",\"type\":\"string\",\"args\":[],\"defaultTo\":null,\"notNullable\":false,\"unsigned\":false},{\"name\":\"reset_password_token\",\"type\":\"string\",\"args\":[],\"defaultTo\":null,\"notNullable\":false,\"unsigned\":false},{\"name\":\"confirmation_token\",\"type\":\"string\",\"args\":[],\"defaultTo\":null,\"notNullable\":false,\"unsigned\":false},{\"name\":\"confirmed\",\"type\":\"boolean\",\"args\":[],\"defaultTo\":null,\"notNullable\":false,\"unsigned\":false},{\"name\":\"blocked\",\"type\":\"boolean\",\"args\":[],\"defaultTo\":null,\"notNullable\":false,\"unsigned\":false},{\"name\":\"created_at\",\"type\":\"datetime\",\"args\":[{\"useTz\":false,\"precision\":6}],\"defaultTo\":null,\"notNullable\":false,\"unsigned\":false},{\"name\":\"updated_at\",\"type\":\"datetime\",\"args\":[{\"useTz\":false,\"precision\":6}],\"defaultTo\":null,\"notNullable\":false,\"unsigned\":false},{\"name\":\"created_by_id\",\"type\":\"integer\",\"args\":[],\"defaultTo\":null,\"notNullable\":false,\"unsigned\":true},{\"name\":\"updated_by_id\",\"type\":\"integer\",\"args\":[],\"defaultTo\":null,\"notNullable\":false,\"unsigned\":true}]},{\"name\":\"admin_permissions_role_links\",\"indexes\":[{\"name\":\"admin_permissions_role_links_fk\",\"columns\":[\"permission_id\"]},{\"name\":\"admin_permissions_role_links_inv_fk\",\"columns\":[\"role_id\"]}],\"foreignKeys\":[{\"name\":\"admin_permissions_role_links_fk\",\"columns\":[\"permission_id\"],\"referencedColumns\":[\"id\"],\"referencedTable\":\"admin_permissions\",\"onDelete\":\"CASCADE\"},{\"name\":\"admin_permissions_role_links_inv_fk\",\"columns\":[\"role_id\"],\"referencedColumns\":[\"id\"],\"referencedTable\":\"admin_roles\",\"onDelete\":\"CASCADE\"}],\"columns\":[{\"name\":\"permission_id\",\"type\":\"integer\",\"args\":[],\"defaultTo\":null,\"notNullable\":false,\"unsigned\":true},{\"name\":\"role_id\",\"type\":\"integer\",\"args\":[],\"defaultTo\":null,\"notNullable\":false,\"unsigned\":true}]},{\"name\":\"admin_users_roles_links\",\"indexes\":[{\"name\":\"admin_users_roles_links_fk\",\"columns\":[\"user_id\"]},{\"name\":\"admin_users_roles_links_inv_fk\",\"columns\":[\"role_id\"]}],\"foreignKeys\":[{\"name\":\"admin_users_roles_links_fk\",\"columns\":[\"user_id\"],\"referencedColumns\":[\"id\"],\"referencedTable\":\"admin_users\",\"onDelete\":\"CASCADE\"},{\"name\":\"admin_users_roles_links_inv_fk\",\"columns\":[\"role_id\"],\"referencedColumns\":[\"id\"],\"referencedTable\":\"admin_roles\",\"onDelete\":\"CASCADE\"}],\"columns\":[{\"name\":\"user_id\",\"type\":\"integer\",\"args\":[],\"defaultTo\":null,\"notNullable\":false,\"unsigned\":true},{\"name\":\"role_id\",\"type\":\"integer\",\"args\":[],\"defaultTo\":null,\"notNullable\":false,\"unsigned\":true}]},{\"name\":\"files_related_morphs\",\"indexes\":[{\"name\":\"files_related_morphs_fk\",\"columns\":[\"file_id\"]}],\"foreignKeys\":[{\"name\":\"files_related_morphs_fk\",\"columns\":[\"file_id\"],\"referencedColumns\":[\"id\"],\"referencedTable\":\"files\",\"onDelete\":\"CASCADE\"}],\"columns\":[{\"name\":\"file_id\",\"type\":\"integer\",\"args\":[],\"defaultTo\":null,\"notNullable\":false,\"unsigned\":true},{\"name\":\"related_id\",\"type\":\"integer\",\"args\":[],\"defaultTo\":null,\"notNullable\":false,\"unsigned\":true},{\"name\":\"related_type\",\"type\":\"string\",\"args\":[],\"defaultTo\":null,\"notNullable\":false,\"unsigned\":false},{\"name\":\"field\",\"type\":\"string\",\"args\":[],\"defaultTo\":null,\"notNullable\":false,\"unsigned\":false},{\"name\":\"order\",\"type\":\"integer\",\"args\":[],\"defaultTo\":null,\"notNullable\":false,\"unsigned\":true}]},{\"name\":\"files_folder_links\",\"indexes\":[{\"name\":\"files_folder_links_fk\",\"columns\":[\"file_id\"]},{\"name\":\"files_folder_links_inv_fk\",\"columns\":[\"folder_id\"]}],\"foreignKeys\":[{\"name\":\"files_folder_links_fk\",\"columns\":[\"file_id\"],\"referencedColumns\":[\"id\"],\"referencedTable\":\"files\",\"onDelete\":\"CASCADE\"},{\"name\":\"files_folder_links_inv_fk\",\"columns\":[\"folder_id\"],\"referencedColumns\":[\"id\"],\"referencedTable\":\"upload_folders\",\"onDelete\":\"CASCADE\"}],\"columns\":[{\"name\":\"file_id\",\"type\":\"integer\",\"args\":[],\"defaultTo\":null,\"notNullable\":false,\"unsigned\":true},{\"name\":\"folder_id\",\"type\":\"integer\",\"args\":[],\"defaultTo\":null,\"notNullable\":false,\"unsigned\":true}]},{\"name\":\"upload_folders_parent_links\",\"indexes\":[{\"name\":\"upload_folders_parent_links_fk\",\"columns\":[\"folder_id\"]},{\"name\":\"upload_folders_parent_links_inv_fk\",\"columns\":[\"inv_folder_id\"]}],\"foreignKeys\":[{\"name\":\"upload_folders_parent_links_fk\",\"columns\":[\"folder_id\"],\"referencedColumns\":[\"id\"],\"referencedTable\":\"upload_folders\",\"onDelete\":\"CASCADE\"},{\"name\":\"upload_folders_parent_links_inv_fk\",\"columns\":[\"inv_folder_id\"],\"referencedColumns\":[\"id\"],\"referencedTable\":\"upload_folders\",\"onDelete\":\"CASCADE\"}],\"columns\":[{\"name\":\"folder_id\",\"type\":\"integer\",\"args\":[],\"defaultTo\":null,\"notNullable\":false,\"unsigned\":true},{\"name\":\"inv_folder_id\",\"type\":\"integer\",\"args\":[],\"defaultTo\":null,\"notNullable\":false,\"unsigned\":true}]},{\"name\":\"up_permissions_role_links\",\"indexes\":[{\"name\":\"up_permissions_role_links_fk\",\"columns\":[\"permission_id\"]},{\"name\":\"up_permissions_role_links_inv_fk\",\"columns\":[\"role_id\"]}],\"foreignKeys\":[{\"name\":\"up_permissions_role_links_fk\",\"columns\":[\"permission_id\"],\"referencedColumns\":[\"id\"],\"referencedTable\":\"up_permissions\",\"onDelete\":\"CASCADE\"},{\"name\":\"up_permissions_role_links_inv_fk\",\"columns\":[\"role_id\"],\"referencedColumns\":[\"id\"],\"referencedTable\":\"up_roles\",\"onDelete\":\"CASCADE\"}],\"columns\":[{\"name\":\"permission_id\",\"type\":\"integer\",\"args\":[],\"defaultTo\":null,\"notNullable\":false,\"unsigned\":true},{\"name\":\"role_id\",\"type\":\"integer\",\"args\":[],\"defaultTo\":null,\"notNullable\":false,\"unsigned\":true}]},{\"name\":\"up_users_role_links\",\"indexes\":[{\"name\":\"up_users_role_links_fk\",\"columns\":[\"user_id\"]},{\"name\":\"up_users_role_links_inv_fk\",\"columns\":[\"role_id\"]}],\"foreignKeys\":[{\"name\":\"up_users_role_links_fk\",\"columns\":[\"user_id\"],\"referencedColumns\":[\"id\"],\"referencedTable\":\"up_users\",\"onDelete\":\"CASCADE\"},{\"name\":\"up_users_role_links_inv_fk\",\"columns\":[\"role_id\"],\"referencedColumns\":[\"id\"],\"referencedTable\":\"up_roles\",\"onDelete\":\"CASCADE\"}],\"columns\":[{\"name\":\"user_id\",\"type\":\"integer\",\"args\":[],\"defaultTo\":null,\"notNullable\":false,\"unsigned\":true},{\"name\":\"role_id\",\"type\":\"integer\",\"args\":[],\"defaultTo\":null,\"notNullable\":false,\"unsigned\":true}]}]}','2022-08-25 13:18:44','b8189817b21dfea90f2e3cc52bcf8c33');
/*!40000 ALTER TABLE `strapi_database_schema` ENABLE KEYS */;
UNLOCK TABLES;

--
-- Table structure for table `strapi_migrations`
--

DROP TABLE IF EXISTS `strapi_migrations`;
/*!40101 SET @saved_cs_client     = @@character_set_client */;
/*!40101 SET character_set_client = utf8 */;
CREATE TABLE `strapi_migrations` (
  `id` int(10) unsigned NOT NULL AUTO_INCREMENT,
  `name` varchar(255) DEFAULT NULL,
  `time` datetime DEFAULT NULL,
  PRIMARY KEY (`id`)
) ENGINE=InnoDB DEFAULT CHARSET=utf8mb4;
/*!40101 SET character_set_client = @saved_cs_client */;

--
-- Dumping data for table `strapi_migrations`
--

LOCK TABLES `strapi_migrations` WRITE;
/*!40000 ALTER TABLE `strapi_migrations` DISABLE KEYS */;
/*!40000 ALTER TABLE `strapi_migrations` ENABLE KEYS */;
UNLOCK TABLES;

--
-- Table structure for table `strapi_webhooks`
--

DROP TABLE IF EXISTS `strapi_webhooks`;
/*!40101 SET @saved_cs_client     = @@character_set_client */;
/*!40101 SET character_set_client = utf8 */;
CREATE TABLE `strapi_webhooks` (
  `id` int(10) unsigned NOT NULL AUTO_INCREMENT,
  `name` varchar(255) DEFAULT NULL,
  `url` longtext DEFAULT NULL,
  `headers` longtext CHARACTER SET utf8mb4 COLLATE utf8mb4_bin DEFAULT NULL,
  `events` longtext CHARACTER SET utf8mb4 COLLATE utf8mb4_bin DEFAULT NULL,
  `enabled` tinyint(1) DEFAULT NULL,
  PRIMARY KEY (`id`)
) ENGINE=InnoDB DEFAULT CHARSET=utf8mb4;
/*!40101 SET character_set_client = @saved_cs_client */;

--
-- Dumping data for table `strapi_webhooks`
--

LOCK TABLES `strapi_webhooks` WRITE;
/*!40000 ALTER TABLE `strapi_webhooks` DISABLE KEYS */;
/*!40000 ALTER TABLE `strapi_webhooks` ENABLE KEYS */;
UNLOCK TABLES;

--
-- Table structure for table `up_permissions`
--

DROP TABLE IF EXISTS `up_permissions`;
/*!40101 SET @saved_cs_client     = @@character_set_client */;
/*!40101 SET character_set_client = utf8 */;
CREATE TABLE `up_permissions` (
  `id` int(10) unsigned NOT NULL AUTO_INCREMENT,
  `action` varchar(255) DEFAULT NULL,
  `created_at` datetime(6) DEFAULT NULL,
  `updated_at` datetime(6) DEFAULT NULL,
  `created_by_id` int(10) unsigned DEFAULT NULL,
  `updated_by_id` int(10) unsigned DEFAULT NULL,
  PRIMARY KEY (`id`),
  KEY `up_permissions_created_by_id_fk` (`created_by_id`),
  KEY `up_permissions_updated_by_id_fk` (`updated_by_id`),
  CONSTRAINT `up_permissions_created_by_id_fk` FOREIGN KEY (`created_by_id`) REFERENCES `admin_users` (`id`) ON DELETE SET NULL,
  CONSTRAINT `up_permissions_updated_by_id_fk` FOREIGN KEY (`updated_by_id`) REFERENCES `admin_users` (`id`) ON DELETE SET NULL
) ENGINE=InnoDB AUTO_INCREMENT=11 DEFAULT CHARSET=utf8mb4;
/*!40101 SET character_set_client = @saved_cs_client */;

--
-- Dumping data for table `up_permissions`
--

LOCK TABLES `up_permissions` WRITE;
/*!40000 ALTER TABLE `up_permissions` DISABLE KEYS */;
INSERT INTO `up_permissions` VALUES (1,'plugin::users-permissions.user.me','2022-08-25 13:07:21.217000','2022-08-25 13:07:21.217000',NULL,NULL),(2,'plugin::users-permissions.auth.changePassword','2022-08-25 13:07:21.217000','2022-08-25 13:07:21.217000',NULL,NULL),(3,'plugin::users-permissions.auth.forgotPassword','2022-08-25 13:07:21.249000','2022-08-25 13:07:21.249000',NULL,NULL),(4,'plugin::users-permissions.auth.resetPassword','2022-08-25 13:07:21.249000','2022-08-25 13:07:21.249000',NULL,NULL),(5,'plugin::users-permissions.auth.register','2022-08-25 13:07:21.249000','2022-08-25 13:07:21.249000',NULL,NULL),(6,'plugin::users-permissions.auth.emailConfirmation','2022-08-25 13:07:21.249000','2022-08-25 13:07:21.249000',NULL,NULL),(7,'plugin::users-permissions.auth.sendEmailConfirmation','2022-08-25 13:07:21.249000','2022-08-25 13:07:21.249000',NULL,NULL),(8,'plugin::users-permissions.auth.connect','2022-08-25 13:07:21.249000','2022-08-25 13:07:21.249000',NULL,NULL),(9,'plugin::users-permissions.auth.callback','2022-08-25 13:07:21.249000','2022-08-25 13:07:21.249000',NULL,NULL),(10,'api::post.post.find','2022-08-25 13:38:23.807000','2022-08-25 13:38:23.807000',NULL,NULL);
/*!40000 ALTER TABLE `up_permissions` ENABLE KEYS */;
UNLOCK TABLES;

--
-- Table structure for table `up_permissions_role_links`
--

DROP TABLE IF EXISTS `up_permissions_role_links`;
/*!40101 SET @saved_cs_client     = @@character_set_client */;
/*!40101 SET character_set_client = utf8 */;
CREATE TABLE `up_permissions_role_links` (
  `permission_id` int(10) unsigned DEFAULT NULL,
  `role_id` int(10) unsigned DEFAULT NULL,
  KEY `up_permissions_role_links_fk` (`permission_id`),
  KEY `up_permissions_role_links_inv_fk` (`role_id`),
  CONSTRAINT `up_permissions_role_links_fk` FOREIGN KEY (`permission_id`) REFERENCES `up_permissions` (`id`) ON DELETE CASCADE,
  CONSTRAINT `up_permissions_role_links_inv_fk` FOREIGN KEY (`role_id`) REFERENCES `up_roles` (`id`) ON DELETE CASCADE
) ENGINE=InnoDB DEFAULT CHARSET=utf8mb4;
/*!40101 SET character_set_client = @saved_cs_client */;

--
-- Dumping data for table `up_permissions_role_links`
--

LOCK TABLES `up_permissions_role_links` WRITE;
/*!40000 ALTER TABLE `up_permissions_role_links` DISABLE KEYS */;
INSERT INTO `up_permissions_role_links` VALUES (1,1),(2,1),(3,2),(9,2),(8,2),(4,2),(7,2),(5,2),(6,2),(10,2);
/*!40000 ALTER TABLE `up_permissions_role_links` ENABLE KEYS */;
UNLOCK TABLES;

--
-- Table structure for table `up_roles`
--

DROP TABLE IF EXISTS `up_roles`;
/*!40101 SET @saved_cs_client     = @@character_set_client */;
/*!40101 SET character_set_client = utf8 */;
CREATE TABLE `up_roles` (
  `id` int(10) unsigned NOT NULL AUTO_INCREMENT,
  `name` varchar(255) DEFAULT NULL,
  `description` varchar(255) DEFAULT NULL,
  `type` varchar(255) DEFAULT NULL,
  `created_at` datetime(6) DEFAULT NULL,
  `updated_at` datetime(6) DEFAULT NULL,
  `created_by_id` int(10) unsigned DEFAULT NULL,
  `updated_by_id` int(10) unsigned DEFAULT NULL,
  PRIMARY KEY (`id`),
  KEY `up_roles_created_by_id_fk` (`created_by_id`),
  KEY `up_roles_updated_by_id_fk` (`updated_by_id`),
  CONSTRAINT `up_roles_created_by_id_fk` FOREIGN KEY (`created_by_id`) REFERENCES `admin_users` (`id`) ON DELETE SET NULL,
  CONSTRAINT `up_roles_updated_by_id_fk` FOREIGN KEY (`updated_by_id`) REFERENCES `admin_users` (`id`) ON DELETE SET NULL
) ENGINE=InnoDB AUTO_INCREMENT=3 DEFAULT CHARSET=utf8mb4;
/*!40101 SET character_set_client = @saved_cs_client */;

--
-- Dumping data for table `up_roles`
--

LOCK TABLES `up_roles` WRITE;
/*!40000 ALTER TABLE `up_roles` DISABLE KEYS */;
INSERT INTO `up_roles` VALUES (1,'Authenticated','Default role given to authenticated user.','authenticated','2022-08-25 13:07:21.204000','2022-08-25 13:07:21.204000',NULL,NULL),(2,'Public','Default role given to unauthenticated user.','public','2022-08-25 13:07:21.211000','2022-08-25 13:38:38.730000',NULL,NULL);
/*!40000 ALTER TABLE `up_roles` ENABLE KEYS */;
UNLOCK TABLES;

--
-- Table structure for table `up_users`
--

DROP TABLE IF EXISTS `up_users`;
/*!40101 SET @saved_cs_client     = @@character_set_client */;
/*!40101 SET character_set_client = utf8 */;
CREATE TABLE `up_users` (
  `id` int(10) unsigned NOT NULL AUTO_INCREMENT,
  `username` varchar(255) DEFAULT NULL,
  `email` varchar(255) DEFAULT NULL,
  `provider` varchar(255) DEFAULT NULL,
  `password` varchar(255) DEFAULT NULL,
  `reset_password_token` varchar(255) DEFAULT NULL,
  `confirmation_token` varchar(255) DEFAULT NULL,
  `confirmed` tinyint(1) DEFAULT NULL,
  `blocked` tinyint(1) DEFAULT NULL,
  `created_at` datetime(6) DEFAULT NULL,
  `updated_at` datetime(6) DEFAULT NULL,
  `created_by_id` int(10) unsigned DEFAULT NULL,
  `updated_by_id` int(10) unsigned DEFAULT NULL,
  PRIMARY KEY (`id`),
  KEY `up_users_created_by_id_fk` (`created_by_id`),
  KEY `up_users_updated_by_id_fk` (`updated_by_id`),
  CONSTRAINT `up_users_created_by_id_fk` FOREIGN KEY (`created_by_id`) REFERENCES `admin_users` (`id`) ON DELETE SET NULL,
  CONSTRAINT `up_users_updated_by_id_fk` FOREIGN KEY (`updated_by_id`) REFERENCES `admin_users` (`id`) ON DELETE SET NULL
) ENGINE=InnoDB DEFAULT CHARSET=utf8mb4;
/*!40101 SET character_set_client = @saved_cs_client */;

--
-- Dumping data for table `up_users`
--

LOCK TABLES `up_users` WRITE;
/*!40000 ALTER TABLE `up_users` DISABLE KEYS */;
/*!40000 ALTER TABLE `up_users` ENABLE KEYS */;
UNLOCK TABLES;

--
-- Table structure for table `up_users_role_links`
--

DROP TABLE IF EXISTS `up_users_role_links`;
/*!40101 SET @saved_cs_client     = @@character_set_client */;
/*!40101 SET character_set_client = utf8 */;
CREATE TABLE `up_users_role_links` (
  `user_id` int(10) unsigned DEFAULT NULL,
  `role_id` int(10) unsigned DEFAULT NULL,
  KEY `up_users_role_links_fk` (`user_id`),
  KEY `up_users_role_links_inv_fk` (`role_id`),
  CONSTRAINT `up_users_role_links_fk` FOREIGN KEY (`user_id`) REFERENCES `up_users` (`id`) ON DELETE CASCADE,
  CONSTRAINT `up_users_role_links_inv_fk` FOREIGN KEY (`role_id`) REFERENCES `up_roles` (`id`) ON DELETE CASCADE
) ENGINE=InnoDB DEFAULT CHARSET=utf8mb4;
/*!40101 SET character_set_client = @saved_cs_client */;

--
-- Dumping data for table `up_users_role_links`
--

LOCK TABLES `up_users_role_links` WRITE;
/*!40000 ALTER TABLE `up_users_role_links` DISABLE KEYS */;
/*!40000 ALTER TABLE `up_users_role_links` ENABLE KEYS */;
UNLOCK TABLES;

--
-- Table structure for table `upload_folders`
--

DROP TABLE IF EXISTS `upload_folders`;
/*!40101 SET @saved_cs_client     = @@character_set_client */;
/*!40101 SET character_set_client = utf8 */;
CREATE TABLE `upload_folders` (
  `id` int(10) unsigned NOT NULL AUTO_INCREMENT,
  `name` varchar(255) DEFAULT NULL,
  `path_id` int(11) DEFAULT NULL,
  `path` varchar(255) DEFAULT NULL,
  `created_at` datetime(6) DEFAULT NULL,
  `updated_at` datetime(6) DEFAULT NULL,
  `created_by_id` int(10) unsigned DEFAULT NULL,
  `updated_by_id` int(10) unsigned DEFAULT NULL,
  PRIMARY KEY (`id`),
  UNIQUE KEY `upload_folders_path_id_index` (`path_id`),
  UNIQUE KEY `upload_folders_path_index` (`path`),
  KEY `upload_folders_created_by_id_fk` (`created_by_id`),
  KEY `upload_folders_updated_by_id_fk` (`updated_by_id`),
  CONSTRAINT `upload_folders_created_by_id_fk` FOREIGN KEY (`created_by_id`) REFERENCES `admin_users` (`id`) ON DELETE SET NULL,
  CONSTRAINT `upload_folders_updated_by_id_fk` FOREIGN KEY (`updated_by_id`) REFERENCES `admin_users` (`id`) ON DELETE SET NULL
) ENGINE=InnoDB AUTO_INCREMENT=2 DEFAULT CHARSET=utf8mb4;
/*!40101 SET character_set_client = @saved_cs_client */;

--
-- Dumping data for table `upload_folders`
--

LOCK TABLES `upload_folders` WRITE;
/*!40000 ALTER TABLE `upload_folders` DISABLE KEYS */;
/*!40000 ALTER TABLE `upload_folders` ENABLE KEYS */;
UNLOCK TABLES;

--
-- Table structure for table `upload_folders_parent_links`
--

DROP TABLE IF EXISTS `upload_folders_parent_links`;
/*!40101 SET @saved_cs_client     = @@character_set_client */;
/*!40101 SET character_set_client = utf8 */;
CREATE TABLE `upload_folders_parent_links` (
  `folder_id` int(10) unsigned DEFAULT NULL,
  `inv_folder_id` int(10) unsigned DEFAULT NULL,
  KEY `upload_folders_parent_links_fk` (`folder_id`),
  KEY `upload_folders_parent_links_inv_fk` (`inv_folder_id`),
  CONSTRAINT `upload_folders_parent_links_fk` FOREIGN KEY (`folder_id`) REFERENCES `upload_folders` (`id`) ON DELETE CASCADE,
  CONSTRAINT `upload_folders_parent_links_inv_fk` FOREIGN KEY (`inv_folder_id`) REFERENCES `upload_folders` (`id`) ON DELETE CASCADE
) ENGINE=InnoDB DEFAULT CHARSET=utf8mb4;
/*!40101 SET character_set_client = @saved_cs_client */;

--
-- Dumping data for table `upload_folders_parent_links`
--

LOCK TABLES `upload_folders_parent_links` WRITE;
/*!40000 ALTER TABLE `upload_folders_parent_links` DISABLE KEYS */;
/*!40000 ALTER TABLE `upload_folders_parent_links` ENABLE KEYS */;
UNLOCK TABLES;
/*!40103 SET TIME_ZONE=@OLD_TIME_ZONE */;

/*!40101 SET SQL_MODE=@OLD_SQL_MODE */;
/*!40014 SET FOREIGN_KEY_CHECKS=@OLD_FOREIGN_KEY_CHECKS */;
/*!40014 SET UNIQUE_CHECKS=@OLD_UNIQUE_CHECKS */;
/*!40101 SET CHARACTER_SET_CLIENT=@OLD_CHARACTER_SET_CLIENT */;
/*!40101 SET CHARACTER_SET_RESULTS=@OLD_CHARACTER_SET_RESULTS */;
/*!40101 SET COLLATION_CONNECTION=@OLD_COLLATION_CONNECTION */;
/*!40111 SET SQL_NOTES=@OLD_SQL_NOTES */;

-- Dump completed on 2022-08-25 14:55:38
